# ************************************************************
# Sequel Pro SQL dump
# Version 3408
#
# http://www.sequelpro.com/
# http://code.google.com/p/sequel-pro/
#
# Host: localhost (MySQL 5.5.25)
# Database: personal_dev_spoke
# Generation Time: 2012-09-27 16:17:25 +0000
# ************************************************************


/*!40101 SET @OLD_CHARACTER_SET_CLIENT=@@CHARACTER_SET_CLIENT */;
/*!40101 SET @OLD_CHARACTER_SET_RESULTS=@@CHARACTER_SET_RESULTS */;
/*!40101 SET @OLD_COLLATION_CONNECTION=@@COLLATION_CONNECTION */;
/*!40101 SET NAMES utf8 */;
/*!40014 SET @OLD_FOREIGN_KEY_CHECKS=@@FOREIGN_KEY_CHECKS, FOREIGN_KEY_CHECKS=0 */;
/*!40101 SET @OLD_SQL_MODE=@@SQL_MODE, SQL_MODE='NO_AUTO_VALUE_ON_ZERO' */;
/*!40111 SET @OLD_SQL_NOTES=@@SQL_NOTES, SQL_NOTES=0 */;


# Dump of table groups
# ------------------------------------------------------------

DROP TABLE IF EXISTS `groups`;

CREATE TABLE `groups` (
  `gid` int(100) NOT NULL AUTO_INCREMENT,
  `groups` varchar(250) NOT NULL DEFAULT '',
  PRIMARY KEY (`gid`)
) ENGINE=MyISAM DEFAULT CHARSET=latin1;

LOCK TABLES `groups` WRITE;
/*!40000 ALTER TABLE `groups` DISABLE KEYS */;

INSERT INTO `groups` (`gid`, `groups`)
VALUES
	(1,'Un Assigned'),
	(2,'Shimano'),
	(3,'Formula'),
	(4,'DT Swiss'),
	(5,'DMR'),
	(7,'Alex'),
	(12,'American Classic'),
	(9,'1664'),
	(13,'Axium'),
	(14,'Bombshell'),
	(15,'Bontrager'),
	(16,'Campagnolo'),
	(17,'Cannondale'),
	(19,'Ambrosio'),
	(20,'Araya'),
	(22,'BikeE'),
	(23,'WTB'),
	(24,'Bullseye'),
	(25,'Chris King'),
	(26,'Coda'),
	(27,'FRM'),
	(28,'Mavic'),
	(29,'Suntour'),
	(30,'Nuke Proof'),
	(31,'Tune King'),
	(32,'Specialized'),
	(33,'Intense'),
	(34,'Hayes'),
	(35,'Hadley'),
	(36,'Hershey'),
	(37,'Hope'),
	(38,'Magura'),
	(39,'SRAM'),
	(40,'We The People'),
	(41,'Phil Wood'),
	(42,'Sun Ringlé'),
	(43,'White Industries'),
	(44,'Odyssey'),
	(45,'FiR'),
	(46,'Fiamme'),
	(47,'Ritchey'),
	(48,'Rigida'),
	(49,'Sachs'),
	(50,'Velocity'),
	(51,'Sanshin'),
	(52,'Rolf'),
	(53,'Wolber/Super Champion'),
	(54,'Zipp'),
	(55,'Performance'),
	(56,'Matrix');

/*!40000 ALTER TABLE `groups` ENABLE KEYS */;
UNLOCK TABLES;


# Dump of table hubinfo
# ------------------------------------------------------------

DROP TABLE IF EXISTS `hubinfo`;

CREATE TABLE `hubinfo` (
  `hubid` int(11) NOT NULL AUTO_INCREMENT,
  `hname` varchar(250) NOT NULL DEFAULT '',
  `hmodel` varchar(250) NOT NULL DEFAULT '',
  `fdl` varchar(4) NOT NULL DEFAULT '0',
  `fdr` varchar(4) NOT NULL DEFAULT '0',
  `cfl` varchar(4) NOT NULL DEFAULT '0',
  `cfr` varchar(4) NOT NULL DEFAULT '0',
  `hspace` int(3) NOT NULL DEFAULT '0',
  `frontrear` varchar(6) DEFAULT NULL,
  `gid` varchar(11) NOT NULL DEFAULT '1',
  PRIMARY KEY (`hubid`)
) ENGINE=MyISAM DEFAULT CHARSET=latin1;

LOCK TABLES `hubinfo` WRITE;
/*!40000 ALTER TABLE `hubinfo` DISABLE KEYS */;

INSERT INTO `hubinfo` (`hubid`, `hname`, `hmodel`, `fdl`, `fdr`, `cfl`, `cfr`, `hspace`, `frontrear`, `gid`)
VALUES
	(1,'DT Swiss','Hugi FR 440','58','58','25','25',150,'Rear','4'),
	(4,'Shimano','XTR','45','45','32','19',135,'Rear','1'),
	(5,'Shimano','XTR','38','38','34','34',100,'Front','1'),
	(7,'1664','Flip Flop 14mm','63','63','25','28',110,'Rear','9'),
	(8,'Chris King','ISO Disc','57','57','33','20',135,'Rear','25'),
	(9,'Chris King','20mm','57','57','31','23',110,'Front','25'),
	(10,'Chris King','single speed disc','53','53','32','34',135,'Rear','25'),
	(11,'Hope','Disc','56','45','20','35',110,'Front','37'),
	(12,'Hope','Disc','56','47','32','22',135,'Rear','37'),
	(13,'Hugi','Oversized','45','45','37','20',135,'Rear','4'),
	(18,'Formula','12mm Through','62','62','32','29',150,'Rear','3'),
	(19,'We The People','Salt 14mm Driver','51','51','26','26',110,'Rear','1'),
	(42,'Phil','6sp sealed Ti','49','49','33','21',120,'Rear','41'),
	(43,'Phil','Front Sealed Ti','48','48','32','32',100,'Front','41'),
	(45,'Axium','Single Speed Disc','59','59','34','37',135,'Rear','13'),
	(46,'Axium','Disc Bolt On 9SP','58','58','35','20',135,'Rear','13'),
	(47,'Axium','Rear Disc 9SP 12mm Bolt On','62','62','34','29',135,'Rear','13'),
	(48,'Axium','Disc Cassette 14mm','62','62','29','26',135,'Rear','13'),
	(49,'Bontrager','Race Lite','40','40','37','37',100,'Front','15'),
	(50,'Bontrager','Race Lite 9SP','44','53','39','19',130,'Rear','15'),
	(51,'Bombshell','Disc 20mm','68','68','21','31',110,'Front','14'),
	(54,'American Classic','HD-140 disc','56','56','23','36',100,'Front','12'),
	(55,'American Classic','HD-240 Ultra-Light, 135mm Disk 9SP','66','66','29','19',135,'Rear','12'),
	(56,'American Classic','HH-120 suspension','47','47','36','36',100,'Front','12'),
	(57,'American Classic','Micro, newer wider version','30','30','33','33',100,'Front','12'),
	(58,'American Classic','Speedster, older narrow version','30','30','25','25',100,'Front','12'),
	(59,'American Classic','Suspension small flange','47','47','36','36',100,'Front','12'),
	(60,'American Classic','Track','42','42','34','34',100,'Front','12'),
	(61,'American Classic','Track','42','42','30','30',121,'Rear','12'),
	(62,'American Classic','Ultra-Light 9SP','66','66','31','17',130,'Rear','12'),
	(63,'American Classic','Ultra-Light 9SP','66','66','29','19',135,'Rear','12'),
	(64,'BikeE','Front 16 hole disc hub','62','45','20','38',100,'Front','22'),
	(65,'Bontrager','Front ATB PN 200128 Superstock','38','38','34','34',100,'Front','15'),
	(66,'Bontrager','ATB PN 200129 Superstock','45','45','33','20',135,'Rear','15'),
	(67,'Bontrager','Front ATB PN 200171 Race by Formula (semi-sealed bearings)','38','38','34','35',100,'Front','15'),
	(68,'Bontrager','ATB PN 210240 Race','45','45','38','20',135,'Rear','15'),
	(69,'Bontrager','Front ATB PN 210248 Race Mod Disc by DT Swiss (Onyx)','58','45','23','35',100,'Front','15'),
	(70,'Bontrager','ATB PN 210249 Race Mod Disc by DT Swiss (Onyx)','58','58','33','20',135,'Rear','15'),
	(71,'Bontrager','Front ATB PN 220028 Select Disc','58','58','22','32',100,'Front','15'),
	(72,'Bontrager','ATB PN 220029 Select Disc','58','58','34','20',135,'Rear','15'),
	(73,'Bontrager','Front ATB PN 220196 Race by Formula (sealed bearings)','42','42','32','32',100,'Front','15'),
	(74,'Bontrager','ATB PN 220197 Race by Formula (sealed bearings) 9SP','45','58','38','20',135,'Rear','15'),
	(75,'Bontrager','Front ATB PN 220200 Race Disc by Formula','58','45','16','27',100,'Front','15'),
	(76,'Bontrager','ATB PN 220201 Race Disc by Formula','58','58','33','20',135,'Rear','15'),
	(77,'Bontrager','Front ATB PN 220628 Select','38','38','34','34',100,'Front','15'),
	(78,'Bontrager','ATB PN 220629 Select','45','45','33','20',135,'Rear','15'),
	(79,'Bontrager','ATB PN 220864 Race Lite by DT','44','53','39','20',135,'Rear','15'),
	(80,'Bontrager','ATB PN 220864 Race Lite by DT, 130mm','44','53','36','23',130,'Rear','15'),
	(81,'Bontrager','ATB PN 220865 Race Modified by DT Swiss (Onyx)','45','58','38','20',135,'Rear','15'),
	(82,'Bontrager','Front ATB PN 220866 Race Lite by DT','40','40','37','37',100,'Front','15'),
	(83,'Bontrager','Front ATB PN 220867 Race Modified by DT Swiss (Onyx)','38','38','35','35',100,'Front','15'),
	(84,'Bontrager','Front ATB PN 230044 sealed bearings','38','38','35','35',100,'Front','15'),
	(85,'Bontrager','Front ATB PN 230515 sealed bearings disc','45','58','36','22',100,'Front','15'),
	(86,'Bontrager','ATB PN 230516 sealed bearings disc','58','58','33','20',135,'Rear','15'),
	(87,'Bontrager','Front ATB PN 240141 Disc, Team','58','46','22','35',100,'Front','15'),
	(88,'Bontrager','ATB PN 240175 Disc, Team 9,10SP','58','46','34','19',135,'Rear','15'),
	(89,'Bontrager','ATB PN 990704 Yellow or red seals 9SP','45','58','38','20',135,'Rear','15'),
	(90,'Bontrager','ATB PN Prototype LB/4 \"XT class\" 9SP','45','45','34','19',135,'Rear','15'),
	(91,'Bontrager','Front ATB Race X-Lite by Chris King','40','40','37','37',100,'Front','15'),
	(92,'Bontrager','ATB Race X-Lite by Chris King) 9SP','44','53','36','21',135,'Rear','15'),
	(93,'Bontrager','Front PN 242146 Race X Lite disc','47','40','23','34',100,'Front','15'),
	(94,'Bontrager','PN 242146 Race X Lite disc) 9SP','47','47','33','21',135,'Rear','15'),
	(95,'Bontrager','Power-tap 16H hi/lo proto. Even spacing. Use 1x. 9SP','77','63','32','17',130,'Rear','15'),
	(96,'Bontrager','Power-tap 16H hi/lo proto. Paired. Calc1.33x, build1x. 9SP','78','66','33','20',130,'Rear','15'),
	(97,'Bontrager','Power-tap 24H hi/lo proto. Paired. Calc1.25x, build1x. 9SP','78','66','32','17',130,'Rear','15'),
	(98,'Bontrager','Road PN 220212 Race X-Lite.','47','47','29','17',130,'Rear','15'),
	(99,'Bontrager','Front Road PN 220213 Race Lite. Radial only.','38','38','33','33',100,'Front','15'),
	(100,'Bontrager','Road PN 220271 Race Lite.','47','47','29','18',130,'Front','15'),
	(101,'Bontrager','Road PN 220407 Select 9SP','47','47','30','17',130,'Rear','15'),
	(102,'Bontrager','Front Road PN 220622 Select','38','38','34','34',100,'Front','15'),
	(103,'Bontrager','Front Road PN 220969 RXL Aero. Radial only.','38','38','34','34',100,'Front','15'),
	(104,'Bontrager','Road PN 220970 RXL Aero. Use 1.333 cross. 9SP','47','47','33','19',130,'Rear','15'),
	(105,'Bontrager','Road PN 221088 Race Lite Campy. Use  2.25 cross 9SP','47','47','30','17',130,'Rear','15'),
	(106,'Bontrager','Road PN 230036 Race Lite Tandem. Use 2.25 cross. 9SP','60','60','29','24',145,'Rear','15'),
	(107,'Bontrager','Front Road PN 230037 Race Lite Tandem. Use 2.25 cross.','60','60','35','35',100,'Front','15'),
	(108,'Bontrager','Front Road PN 230046 Race Lite. Radial only.','38','38','32','32',100,'Front','15'),
	(109,'Bontrager','Front Road PN 230291 Formula RXL 28H standard spacing','38','38','34','34',100,'Front','15'),
	(110,'Bontrager','Road PN 230416 Power Tap 16H. Use 1x. 9SP','77','77','30','17',130,'Rear','15'),
	(111,'Bontrager','Road PN 230849, RXL road 9SP','47','47','30','18',130,'Rear','15'),
	(112,'Bontrager','Front Road PN 230850, RXL Aero','38','38','34','38',100,'Front','15'),
	(113,'Bontrager','Road PN 230851 RXL Aero. Use 1.333 cross. 9SP','47','47','33','19',130,'Rear','15'),
	(114,'Bontrager','Front Road PN 240001 prototype 122g','33','33','43','43',100,'Front','15'),
	(115,'Bontrager','Front Road PN 240036 Team climbing ft hub','39','39','37','37',100,'Front','15'),
	(116,'Bontrager','Road PN 240097,8 proto 9SP','29','47','34','17',130,'Rear','15'),
	(117,'Bontrager','Road PN 240134 Race.','47','47','30','17',130,'Front','15'),
	(118,'Bontrager','Road PN 240134 Race. Converted to 145 9SP','47','47','22','25',145,'Rear','15'),
	(119,'Bontrager','Front Road PN 240144 proto','28','28','39','39',100,'Front','15'),
	(120,'Bontrager','Road PN 240441 RXL Aero. Use 1.333 cross. 9SP','47','47','33','19',130,'Rear','15'),
	(121,'Bontrager','Front Road PN 240603 Race Lite. Radial or cross ok.','38','38','34','34',100,'Front','15'),
	(122,'Bontrager','Front Road PN 242220 flangless RXXXL','29','29','38','38',100,'Front','15'),
	(123,'Bontrager','Road PN 242221 flangless RXXXL - for DS calcs 9,10SP','30','47','37','16',130,'Rear','15'),
	(124,'Bontrager','Front Road PN 242221 flangless RXXXL - for NDS calcs','30','47','37','16',100,'Front','15'),
	(125,'Bontrager','Front Road PN xxxxxx prototype carbon shell','28','28','38','38',100,'Front','15'),
	(126,'Bontrager','Road PN xxxxxx prototype carbon shell 9,10SP','30','47','33','18',130,'Rear','15'),
	(127,'Bontrager','Track PN 240007 1SP','47','47','33','33',120,'Rear','15'),
	(128,'Bontrager','Front Track PN 240008','38','38','34','34',100,'Front','15'),
	(129,'Bullseye','126mm 6sp','42','42','38','21',126,'Rear','24'),
	(130,'Bullseye','130mm 7SP','42','42','40','20',130,'Rear','24'),
	(131,'Bullseye','Front tandem','53','53','36','36',100,'Front','24'),
	(132,'Bullseye','tandem','53','53','26','26',140,'Rear','24'),
	(133,'Campagnolo','Front 1980\'s, 90\'s Chorus, C-Record, Athena low flange','39','39','34','34',100,'Front','16'),
	(134,'Campagnolo','Front 1999+ Athena, Veloce, Mirage','38','38','34','34',100,'Front','16'),
	(135,'Campagnolo','1999+ Athena, Veloce, Mirage 9SP','44','44','36','16',130,'Rear','16'),
	(136,'Campagnolo','Front 1999+ Avanti','40','40','33','33',100,'Front','16'),
	(137,'Campagnolo','1999+ Avanti 8SP','44','44','36','16',130,'Rear','16'),
	(138,'Campagnolo','all 120mm hi-flange models 5SP','67','67','33','24',120,' Rear','16'),
	(139,'Campagnolo','all 126mm hi-flange models 6SP','67','67','36','21',126,' Rear','16'),
	(140,'Campagnolo','all hi-flange models','67','67','34','34',100,' Front','16'),
	(141,'Campagnolo','Athena, Chorus, Nuovo Record low flange 7SP','44','44','37','20',127,' Rear','16'),
	(142,'Campagnolo','Centaur cassette 8SP','44','44','35','18',135,' Rear','16'),
	(143,'Campagnolo','Centaur, Euclid 7SP','44','44','36','20',130,' Rear','16'),
	(144,'Campagnolo','Chorus, Daytona OS','39','39','35','35',100,' Front','16'),
	(145,'Campagnolo','C-Record low flange 6SP','44','44','36','21',126,' Rear','16'),
	(146,'Campagnolo','Hi-Lo 5SP','44','67','33','24',120,' Rear','16'),
	(147,'Campagnolo','Nuovo Record low flange','38','38','35','35',100,' Front','16'),
	(148,'Campagnolo','Record OS','39','39','35','35',100,' Front','16'),
	(149,'Campagnolo','Record, Chorus, Daytona OS 9,10SP','44','46','36','16',130,' Rear','16'),
	(150,'Campagnolo','tandem','65','65','31','31',100,' Front','16'),
	(151,'Campagnolo','tandem cassette 8SP','65','65','28','28',140,' Rear','16'),
	(152,'Campagnolo','track hi-flange C Record 1SP','67','67','35','30',120,' Rear','16'),
	(153,'Campagnolo','track low flange 1SP','44','44','44','31',120,' Rear','16'),
	(154,'Cannondale','by DT Swiss','43','43','39','14',130,' Rear','17'),
	(155,'Cannondale','by DT Swiss','43','43','37','19',135,' Rear','17'),
	(156,'Cannondale','disc','57','45','35','19',135,' Rear','17'),
	(157,'Cannondale','Lefty disc','58','45','18','31',0,' Front','17'),
	(158,'Cannondale','Moto120 9SP','52','52','37','16',135,' Rear','17'),
	(159,'Chris King','BMX','40','40','34','34',100,' Front','25'),
	(160,'Chris King','cassette MTB 8SP','44','53','36','21',135,' Rear','25'),
	(161,'Chris King','cassette road 8SP','44','53','38','18',130,' Rear','25'),
	(162,'Chris King','Classic 140mm 8SP','44','53','33','23',140,' Rear','25'),
	(163,'Chris King','Classic front narrow','40','40','34','34',100,' Front','25'),
	(164,'Chris King','Classic front wide','40','40','37','37',100,' Front','25'),
	(165,'Chris King','Classic mountain 8SP','44','53','36','21',135,' Rear','25'),
	(166,'Chris King','Classic road/cross 8SP','44','53','38','18',130,' Rear','25'),
	(167,'Chris King','Disc 20mm','57','57','23','31',110,' Front','25'),
	(168,'Chris King','Disc ISO','57','57','22','30',100,' Front','25'),
	(169,'Chris King','Disc ISO 9SP','57','57','33','20',135,' Rear','25'),
	(170,'Chris King','Disc Single Speed','53','53','34','32',135,' Rear','25'),
	(171,'Chris King','Disc Universal','53','53','23','31',100,' Front','25'),
	(172,'Chris King','Disc Universal 135mm 9SP','53','53','34','21',135,' Rear','25'),
	(173,'Chris King','Disc Universal 140mm 8SP','53','53','31','23',140,' Rear','25'),
	(174,'Chris King','Disc Universal 145mm 8SP','53','53','29','26',145,' Rear','25'),
	(175,'Chris King','MTB','40','40','37','37',100,' Front','25'),
	(176,'Chris King','BMX','44','53','30','27',110,' Rear','25'),
	(177,'Chris King','DiscGoTech 8SP','53','53','34','21',135,' Rear','25'),
	(178,'Chris King','DiscGoTech 8SP','53','53','31','23',140,' Rear','25'),
	(179,'Chris King','Road','40','40','34','34',100,' Front','25'),
	(180,'Chris King','Single Speed','53','53','33','33',100,' Front','25'),
	(181,'Chris King','Single Speed','53','53','33','33',135,' Rear','25'),
	(182,'Chris King','Tandem','53','53','33','33',100,' Front','25'),
	(183,'Chris King','Tandem 9SP','53','53','29','26',145,' Rear','25'),
	(184,'Chris King','Tandem 9SP','53','53','33','33',160,' Rear','25'),
	(185,'Coda','900 disc 9SP','58','58','37','20',135,' Rear','26'),
	(186,'Coda','901 disc','58','44','20','35',100,' Front','26'),
	(187,'Coda','disc','52','40','18','38',100,' Front','26'),
	(188,'Coda','98 disc','52','52','36','19',135,' Rear','26'),
	(189,'Coda','Expert disc','58','45','19','30',100,' Front','26'),
	(190,'Coda','Expert disc 9SP','58','44','35','20',135,' Rear','26'),
	(191,'Coda','Expert Non-disc','44','44','31','31',100,' Front','26'),
	(192,'Coda','Expert non-disc 9SP','44','44','35','18',135,' Rear','26'),
	(193,'Coda','Expert road 9SP','44','44','38','14',130,' Rear','26'),
	(194,'Coda','Moto disc','56','62','25','31',100,' Front','26'),
	(195,'Danny\'s','12mm through axle','58','58','34','34',165,' Rear','1'),
	(196,'Dia-Compe','Tsali','39','39','37','37',100,' Front','1'),
	(197,'DMR','Revolver','41','41','36','36',100,' Front','5'),
	(198,'DT Hugi','240','36','36','34','34',100,' Front','4'),
	(199,'DT Hugi','240','45','45','37','16',130,' Rear','4'),
	(200,'DT Hugi','240','45','45','35','19',135,' Rear','4'),
	(201,'DT Hugi','240 Campy 9,10s','45','45','29','16',130,' Rear','4'),
	(202,'DT Hugi','240 disc','58','46','22','34',100,' Front','4'),
	(203,'DT Hugi','240 disc','58','46','33','19',135,' Rear','4'),
	(204,'DT Hugi','240 FR','58','46','33','19',135,' Rear','4'),
	(205,'DT Hugi','240 FR 12mm through axle','58','58','25','25',150,' Rear','4'),
	(206,'DT Hugi','240 FR 12mm through axle','58','58','33','33',165,' Rear','4'),
	(207,'DT Hugi','240 road','45','45','29','16',130,' Rear','4'),
	(208,'DT Hugi','95','45','45','39','17',130,' Rear','4'),
	(209,'DT Hugi','95','45','45','37','20',135,' Rear','4'),
	(210,'DT Hugi','95 MTB','41','41','35','35',100,' Front','4'),
	(211,'DT Hugi','95 road','39','39','34','34',100,' Front','4'),
	(212,'DT Hugi','98','41','41','35','35',100,' Front','4'),
	(213,'DT Hugi','98','45','45','39','17',130,' Rear','4'),
	(214,'DT Hugi','98','45','45','37','20',135,' Rear','4'),
	(215,'DT Hugi','98 Campy 9s','46','46','33','16',130,' Rear','4'),
	(216,'DT Hugi','Formula','52','46','16','35',100,' Front','4'),
	(217,'DT Hugi','Formula disc 9SP','52','46','33','19',135,' Rear','4'),
	(218,'DT Hugi','FR disc','58','52','22','30',100,' Front','4'),
	(219,'DT Hugi','FR disc','58','52','22','30',110,' Front','4'),
	(220,'DT Hugi','Gustav M 98','60','61','36','18',135,' Rear','4'),
	(221,'DT Hugi','Gustav M 98','60','61','33','21',140,' Rear','4'),
	(222,'DT Hugi','Gustav M 98 disc','60','61','23','34',100,' Front','4'),
	(223,'DT Hugi','Gustav M 98 disc DH','60','61','26','29',110,' Front','4'),
	(224,'DT Hugi','Hayes','58','46','23','34',100,' Front','4'),
	(225,'DT Hugi','DH','58','58','22','31',110,' Front','4'),
	(226,'DT Hugi','disc 9SP','58','46','33','19',135,' Rear','4'),
	(227,'DT Hugi','Louise 99','58','47','39','19',135,' Rear','4'),
	(228,'DT Hugi','Louise 99 disc','58','47','23','35',100,' Front','4'),
	(229,'DT Hugi','Disc Gustav M 9SP','60','61','36','18',135,' Rear','4'),
	(230,'DT Hugi','Disc Louise 9SP','58','47','39','19',135,' Rear','4'),
	(231,'DT Hugi','MTB','45','45','35','20',135,' Rear','4'),
	(232,'DT Hugi','road compatible 9SP','46','46','33','16',130,' Rear','4'),
	(233,'DT Hugi','road compatible 9SP','45','45','39','17',130,' Rear','4'),
	(234,'DT Hugi','Sport','41','41','35','35',100,' Front','4'),
	(235,'DT Hugi','Sport','45','45','39','17',130,' Rear','4'),
	(236,'DT Hugi','Sport','45','45','37','20',135,' Rear','4'),
	(237,'DT Hugi','Tandem','60','60','34','34',100,' Front','4'),
	(238,'DT Hugi','Tandem Arai 9SP','60','60','34','19',135,' Rear','4'),
	(239,'DT Hugi','Tandem Arai 9SP','60','60','31','21',140,' Rear','4'),
	(240,'DT Hugi','Tandem Arai 9SP','60','60','28','23',145,' Rear','4'),
	(241,'DT Hugi','Tandem disc','60','61','22','34',100,' Front','4'),
	(242,'DT Hugi','Tandem disc 9SP','60','60','31','21',140,' Rear','4'),
	(243,'DT Hugi','Tandem disc 9SP','60','60','28','23',145,' Rear','4'),
	(244,'DT Hugi','DT Onyx disc','58','48','23','34',100,' Front','4'),
	(245,'DT Hugi','DT Onyx disc','58','58','22','31',110,' Front','4'),
	(246,'DT Hugi','DT Onyx disc','58','47','33','20',135,' Rear','4'),
	(247,'DT Hugi','DT Onyx Light','40','40','34','34',100,' Front','4'),
	(248,'DT Hugi','DT Onyx Normal','40','40','35','35',100,' Front','4'),
	(249,'DT Hugi','DT Swiss Onyx','46','46','32','17',130,' Rear','4'),
	(250,'DT Hugi','DT Swiss Onyx','46','46','29','20',135,' Rear','4'),
	(251,'FRM','Comp & Pro','34','34','34','34',100,' Front','27'),
	(252,'FRM','Comp & Pro','37','41','34','18',130,' Rear','27'),
	(253,'FRM','Comp & Pro','37','41','36','21',135,' Rear','27'),
	(254,'FRM','Feather Front','35','35','34','34',100,' Front','27'),
	(255,'FRM','FL Disc Comp & Pro','44','38','23','33',100,' Front','27'),
	(256,'FRM','FL Disc Comp & Pro','45','45','34','21',135,' Rear','27'),
	(257,'FRM','Team SL Rear','37','41','34','18',130,' Rear','27'),
	(258,'Hadley','Arai','56','56','30','30',160,' Rear','35'),
	(259,'Hadley','H500 DH','60','60','22','31',110,' Front','35'),
	(260,'Hadley','Santa Cruz 14mm through axle','60','60','33','33',160,' Rear','35'),
	(261,'Hanebrink','LT 8 disc','55','55','17','43',0,' Front','1'),
	(262,'Hayes','Elite disc','58','48','23','34',100,' Front','34'),
	(263,'Hayes','Elite disc','58','47','33','20',135,' Rear','34'),
	(264,'Hayes','Elite disc DH','58','58','22','31',110,' Front','34'),
	(265,'Hayes','Superlight disc','58','46','22','34',100,' Front','34'),
	(266,'Hayes','Superlight disc','58','46','33','19',135,' Rear','34'),
	(267,'Hershey','Naked','31','31','32','32',100,' Front','36'),
	(268,'Hershey','Standard Ti','31','31','34','34',100,' Front','36'),
	(269,'Hershey','Suspension','44','44','34','34',100,' Front','36'),
	(270,'Hershey','Ti','36','48','33','21',135,' Rear','36'),
	(271,'Hope','Big\'Un','62','62','20','25',100,' Front','37'),
	(272,'Hope','Big\'Un','62','62','25','20',135,' Rear','37'),
	(273,'Hope','Bulb','46','46','21','34',100,' Front','37'),
	(274,'Hope','Bulb','44','50','33','20',135,' Rear','37'),
	(275,'Hope','Bulb IS2000','56','46','21','33',100,' Front','37'),
	(276,'Hope','Bulb IS2000','56','49','33','19',135,' Rear','37'),
	(277,'Hope','disc','42','42','22','32',100,' Front','37'),
	(278,'Hope','disc','42','45','33','20',135,' Rear','37'),
	(279,'Hope','Fatso','41','41','34','34',100,' Front','37'),
	(280,'Hope','Sport disc','56','45','20','34',100,' Front','37'),
	(281,'Hope','Sport disc','45','45','33','20',135,' Rear','37'),
	(282,'Hope','Super Ultralight','25','25','34','34',100,' Front','37'),
	(283,'Hope','Suspension','43','43','32','32',100,' Front','37'),
	(284,'Hope','tandem','65','65','32','32',100,' Front','37'),
	(285,'Hope','tandem','65','65','27','22',140,' Rear','37'),
	(286,'Hope','Tech','43','43','32','32',100,' Front','37'),
	(287,'Hope','Tech, narrower flanges','43','43','22','22',100,' Front','37'),
	(288,'Hope','Tech, Ultralight','34','34','34','34',100,' Front','37'),
	(289,'Hope','Ti-Glide disc','43','41','22','32',100,' Front','37'),
	(290,'Hope','Ti-Glide disc','43','44','33','20',135,' Rear','37'),
	(291,'Hugi','240','36','36','34','34',100,' Front','4'),
	(292,'Hugi','Formula Disc','52','46','16','35',100,' Front','4'),
	(293,'Hugi','Disc','58','46','23','35',100,' Front','4'),
	(294,'Hugi','Disc Gustav M','60','61','23','34',100,' Front','4'),
	(295,'Hugi','Disc Gustav M downhill','60','61','26','29',110,' Front','4'),
	(296,'Hugi','Disc Louise','58','47','23','35',100,' Front','4'),
	(297,'Hugi','road 8SP','45','45','39','18',130,' Rear','4'),
	(298,'Hugi','road','45','45','37','20',135,' Rear','4'),
	(299,'Hugi','tandem 8SP','55','55','37','22',0,' Rear','4'),
	(300,'Hugi','tandem','41','41','35','35',100,' Front','4'),
	(301,'Hugi','tandem','55','55','33','24',140,' Rear','4'),
	(302,'Hugi','tandem large flange','60','60','34','34',100,' Front','4'),
	(303,'Hugi','TD (tandem) 2001','60','60','34','34',100,' Front','4'),
	(304,'Hugi','TD (tandem) 2001 9SP','60','60','31','21',140,' Rear','4'),
	(305,'Hugi','TD (tandem) 2001 9SP','60','60','28','23',145,' Rear','4'),
	(306,'Hugi','TD disc brake (tandem) 2001','60','61','21','34',100,' Front','4'),
	(307,'Intense','20mm disc','60','60','24','31',110,' Front','1'),
	(308,'Machine Tech','Hollowcore','43','43','33','33',100,' Front','1'),
	(309,'Machine Tech','Power Claw','43','43','34','20',135,' Rear','1'),
	(310,'Magura','1999 Louise disc 9SP','62','62','30','20',135,' Rear','38'),
	(311,'Magura','Comp 2000','58','48','23','34',100,' Front','38'),
	(312,'Magura','Comp 2000','58','47','33','20',135,' Rear','38'),
	(313,'Magura','Comp 2000 DH','58','58','22','31',110,' Front','38'),
	(314,'Magura','Fun','58','52','23','34',100,' Front','38'),
	(315,'Magura','Fun','58','52','33','20',135,' Rear','38'),
	(316,'Magura','Gustav M 2000','58','46','23','34',100,' Front','38'),
	(317,'Magura','Gustav M 2000','58','46','33','19',135,' Rear','38'),
	(318,'Magura','Gustav M 2000 DH','58','58','22','31',110,' Front','38'),
	(319,'Magura','Gustav M 99','60','61','23','34',100,' Front','38'),
	(320,'Magura','Gustav M 99','60','61','36','18',135,' Rear','38'),
	(321,'Magura','Gustav M 99 DH','60','61','26','29',110,' Front','38'),
	(322,'Magura','Pro 2000','58','46','22','34',100,' Front','38'),
	(323,'Magura','Pro 2000','58','46','33','19',135,' Rear','38'),
	(324,'Magura','Pro 2000','40','40','40','40',0,' Front','38'),
	(325,'Marzocchi','QR 20','56','56','36','36',0,' Front','1'),
	(326,'Mavic','500, 501, 520, 530, 531, 550, 571, 577','40','40','27','27',100,' Front','28'),
	(327,'Mavic','501 7SP','44','44','30','18',126,' Rear','28'),
	(328,'Mavic','501 8SP','44','44','31','16',130,' Rear','28'),
	(329,'Mavic','506 6SP','44','44','37','19',126,' Rear','28'),
	(330,'Mavic','520 track low flange','44','44','42','30',120,' Rear','28'),
	(331,'Mavic','531 MTB','44','44','29','18',130,' Rear','28'),
	(332,'Mavic','531 MTB','44','44','27','21',135,' Rear','28'),
	(333,'Mavic','550 6SP','45','45','37','19',126,' Rear','28'),
	(334,'Mavic','570','45','45','36','26',120,' Rear','28'),
	(335,'Mavic','571 road','53','53','32','16',130,' Rear','28'),
	(336,'Mavic','571, 572','53','53','35','19',130,' Rear','28'),
	(337,'Mavic','577 MTB','53','53','31','17',135,' Rear','28'),
	(338,'Mavic','Cosmic Carbone 2001 blk. STRAIGHT SPOKES','27','27','36','36',100,' Front','28'),
	(339,'Mavic','MR601','40','40','34','34',100,' Front','28'),
	(340,'Mavic','MR601 9SP','46','48','34','17',130,' Rear','28'),
	(341,'Nicolai','Nucleon NC 17 95mm 20mm through axle','60','60','19','36',0,' Front','1'),
	(342,'Nuke Proof','Bombshell cassette','47','47','42','19',130,' Rear','30'),
	(343,'Nuke Proof','Bombshell cassette','47','47','41','21',135,' Rear','30'),
	(344,'Nuke Proof','Bombshell, post \'95','47','47','38','38',100,' Front','30'),
	(345,'Nuke Proof','Bombshell, pre \'95','42','42','34','34',100,' Front','30'),
	(346,'Nuke Proof','XT cassette','32','47','45','20',126,' Rear','30'),
	(347,'Nuke Proof','XT cassette','32','47','43','22',130,' Rear','30'),
	(348,'Nuke Proof','XT cassette','32','47','40','25',135,' Rear','30'),
	(349,'Nuke Proof','XTR cassette','32','47','38','20',130,' Rear','30'),
	(350,'Nuke Proof','XTR cassette','32','47','38','21',135,' Rear','30'),
	(351,'Phil Wood','Cassette 8SP','55','55','35','22',130,' Rear','41'),
	(352,'Phil Wood','Cross Country','57','57','27','27',100,' Front','41'),
	(353,'Phil Wood','Field Serviceable','48','48','34','34',100,' Front','41'),
	(354,'Phil Wood','Field Serviceable','48','48','37','19',126,' Rear','41'),
	(355,'Phil Wood','Field Serviceable','48','48','34','22',130,' Rear','41'),
	(356,'Phil Wood','Field Serviceable','48','48','32','24',135,' Rear','41'),
	(357,'Phil Wood','Field Serviceable','48','48','39','18',140,' Rear','41'),
	(358,'Phil Wood','Hi right hand flange','48','69','38','19',126,' Rear','41'),
	(359,'Phil Wood','Hi right hand flange','48','69','36','20',130,' Rear','41'),
	(360,'Phil Wood','medium original','48','48','34','34',100,' Front','41'),
	(361,'Phil Wood','medium original','48','48','38','19',126,' Rear','41'),
	(362,'Phil Wood','medium original','48','48','31','26',140,' Rear','41'),
	(363,'Phil Wood','Mid','48','57','38','19',126,' Rear','41'),
	(364,'Phil Wood','Mid','48','57','36','21',130,' Rear','41'),
	(365,'Phil Wood','MTB 6speed','57','48','36','20',125,' Rear','41'),
	(366,'Phil Wood','MTB 6speed','57','48','34','22',130,' Rear','41'),
	(367,'Phil Wood','MTB 6speed','57','48','31','25',135,' Rear','41'),
	(368,'Phil Wood','MTB 7speed','57','48','37','19',126,' Rear','41'),
	(369,'Phil Wood','MTB 7speed','57','48','35','21',130,' Rear','41'),
	(370,'Phil Wood','MTB 7speed','57','48','33','23',135,' Rear','41'),
	(371,'Phil Wood','MTB 7speed','57','48','30','26',140,' Rear','41'),
	(372,'Phil Wood','MTB 8speed','57','48','39','18',130,' Rear','41'),
	(373,'Phil Wood','MTB 8speed','57','48','38','18',135,' Rear','41'),
	(374,'Phil Wood','MTB 8speed','58','49','35','21',140,' Rear','41'),
	(375,'Phil Wood','road 5speed','48','48','34','22',120,' Rear','41'),
	(376,'Phil Wood','road 5speed','48','48','31','25',126,' Rear','41'),
	(377,'Phil Wood','road 6speed','48','48','36','20',126,' Rear','41'),
	(378,'Phil Wood','road 6speed','48','48','34','22',130,' Rear','41'),
	(379,'Phil Wood','road 6speed','48','48','31','25',135,' Rear','41'),
	(380,'Phil Wood','road 7speed','48','48','37','19',126,' Rear','41'),
	(381,'Phil Wood','road 7speed','48','48','35','21',130,' Rear','41'),
	(382,'Phil Wood','road 7speed','48','48','33','23',135,' Rear','41'),
	(383,'Phil Wood','road 8speed','48','48','39','18',130,' Rear','41'),
	(384,'Phil Wood','road 8speed','48','48','38','18',135,' Rear','41'),
	(385,'Phil Wood','road 8speed','48','48','35','21',140,' Rear','41'),
	(386,'Phil Wood','small old','42','42','35','35',100,' Front','41'),
	(387,'Phil Wood','small old','42','48','38','19',126,' Rear','41'),
	(388,'Phil Wood','small old','42','48','36','21',130,' Rear','41'),
	(389,'Phil Wood','small old','42','48','33','23',135,' Rear','41'),
	(390,'Phil Wood','Suspension','57','57','35','35',100,' Front','41'),
	(391,'Phil Wood','Time Trial','48','48','37','37',100,' Front','41'),
	(392,'Phil Wood','track double-sided, small flange','48','48','30','30',120126130,' Rear','41'),
	(393,'Phil Wood','track front, small flange','48','48','34','34',100,' Front','41'),
	(394,'Phil Wood','track one-sided, small flange','48','48','44','30',120126130,' Rear','41'),
	(395,'Phil Wood','track, large flange','66','66','43','29',120,' Rear','41'),
	(396,'Phil Wood','wheelchair','41','41','29','29',0,' Rear','41'),
	(397,'Ringlé','Bubba','40','40','34','34',100,' Front','1'),
	(398,'Ringlé','Bubba HR freewheel','40','41','38','25',135,' Rear','1'),
	(399,'Ringlé','Super Bubba','45','45','34','22',135,' Rear','1'),
	(400,'Ringlé','Super Bubba','42','42','34','34',100,' Front','1'),
	(401,'Ringlé','Super Duper Bubba','46','46','34','34',100,' Front','1'),
	(402,'Ringlé','SuperDuper Eight MTB 8SP','52','52','34','21',135,' Rear','1'),
	(403,'Ringlé','SuperEight MTB 8SP','45','45','34','22',135,' Rear','1'),
	(404,'Ringlé','SuperEight road 8SP','45','45','36','19',130,' Rear','1'),
	(405,'Ringlé','Ringlé/Sun \"Sun of Bubba\"','38','38','32','32',100,' Front','1'),
	(406,'Ritchey','disc Pro Skraxle','58','58','22','35',100,' Front','47'),
	(407,'Ritchey','Pro disc','58','58','35','20',135,' Rear','47'),
	(408,'Ritchey','Z-hub MTB: WCS, Pro, Comp','38','38','38','38',100,' Front','47'),
	(409,'Ritchey','Z-hub MTB: WCS, Pro, Comp 9SP','45','45','28','21',130,' Rear','47'),
	(410,'Ritchey','Z-hub road: Pro 9SP','45','45','28','21',130,' Rear','47'),
	(411,'Ritchey','Z-hub road: WCS 9SP','45','45','28','21',130,' Rear','47'),
	(412,'Ritchey','Z-hub road: WCS, Pro','38','38','36','36',100,' Front','47'),
	(413,'Rocky Mountain','Disc QR20','62','62','24','32',110,' Front','1'),
	(414,'Rohloff','Speed Hub 500/14','100','100','30','30',0,' Rear','1'),
	(415,'Rolf','ATB PN 210246 Urraco disc. Use 2.25 cross.','50','42','23','32',100,' Front','52'),
	(416,'Rolf','ATB PN 210668 Dolomite disc. Use 2.25 cross.','50','42','23','32',100,' Front','52'),
	(417,'Rolf','ATB PN 990034 Propel. Radial, heads out.','42','42','32','32',100,' Front','52'),
	(418,'Rolf','Road PN 200322 Vector Pro. Radial, heads out.','39','39','32','32',100,' Front','52'),
	(419,'Rolf','Road PN 200328 Vector Comp. Use 2.29 cross. 9SP','65','47','34','17',130,' Rear','52'),
	(420,'Rolf','Road PN 200385 Vector Comp. Radial, heads out. 9SP','42','42','31','31',130,' Rear','52'),
	(421,'Rolf','Road PN 210650 Sestriere.Use 2.25 cross. 9SP','65','47','35','15',130,' Rear','52'),
	(422,'Rolf','Road PN 210948 Vector. Use 2.25 cross. 9SP','65','47','34','17',130,' Rear','52'),
	(423,'Rolf','Road PN 992473 Vector. Radial, heads out.','38','38','34','34',100,' Front','52'),
	(424,'Rolf','Road Vector Pro. Use 1.333 cross. 9SP','65','47','33','17',130,' Rear','52'),
	(425,'Rollex','Freecoaster BMX','67','67','31','25',110,' Rear','1'),
	(426,'Roox','Jim Bob','61','61','35','20',135,' Rear','1'),
	(427,'Roox','Jim Bob 99 DH','61','61','25','30',110,' Front','1'),
	(428,'Rotwild','Schweizer Loop Inter-4','83','83','28','25',135,' Rear','1'),
	(429,'Sachs','3000, 5000, New Success','38','38','28','28',100,' Front','49'),
	(430,'Sachs','3-speed coaster','60','60','25','24',118,' Rear','49'),
	(431,'Sachs','3-speed drum brake','89','89','30','23',118,' Rear','49'),
	(432,'Sachs','3-speed standard','58','58','26','24',110,' Rear','49'),
	(433,'Sachs','3X7 Centera, Quarz 7SP','67','67','35','20',135,' Rear','49'),
	(434,'Sachs','3x7 disc/non-disc 7SP','67','67','34','20',135,' Rear','49'),
	(435,'Sachs','3X7 Original  7SP','67','67','37','18',130,' Rear','1'),
	(436,'Sachs','3X7 Traxx  7SP','58','58','35','20',135,' Rear','1'),
	(437,'Sachs','HT3020 drum brake','87','87','35','17',0,' Rear','1'),
	(438,'Sachs','Inter 12','105','131','37','23',0,' Rear','1'),
	(439,'Sachs','Orbit standard 6-speed','67','54','38','19',126,' Rear','1'),
	(440,'Sachs','Pentasport coaster','75','75','29','28',122,' Rear','1'),
	(441,'Sachs','Pentasport drum','90','90','29','30',126,' Rear','1'),
	(442,'Sachs','Pentasport Std.','75','75','29','29',122,' Rear','1'),
	(443,'Sachs','Quartz disc','62','62','35','19',135,' Rear','1'),
	(444,'Sachs','Quarz, Neos disc brake hubs','62','62','20','30',100,' Front','1'),
	(445,'Sachs','Quarz, Neos, Centera','39','39','29','29',100,' Front','1'),
	(446,'Sachs','Super 7 coaster','75','75','35','33',130,' Rear','1'),
	(447,'Sachs','Super 7 drum','75','75','35','34',135,' Rear','1'),
	(448,'Sachs','Super 7 standard','75','75','34','34',130,' Rear','1'),
	(449,'Sachs','threaded','45','45','34','17',126,' Rear','1'),
	(450,'Sachs','threaded 8SP','45','45','34','16',130,' Rear','1'),
	(451,'Sachs','Traxx','39','39','34','34',100,' Front','1'),
	(452,'Sachs','VT3000 drum brake','87','87','26','26',100,' Front','1'),
	(453,'Sachs','VT5000 drum brake','90','90','30','26',100,' Front','1'),
	(454,'Sachs','VT5000 drum brake 7SP','90','90','37','19',0,' Rear','1'),
	(455,'Sanshin','low flange (like Specialized)','38','38','33','33',100,' Front','1'),
	(456,'Sanshin','low flange (like Specialized)','44','44','35','20',126,' Rear','1'),
	(457,'Sanshin','low flange (like Specialized)','44','44','33','22',130,' Rear','1'),
	(458,'Sanshin','medium flange (like Specialized)','43','43','33','33',100,' Front','1'),
	(459,'Sanshin','medium flange (like Specialized) 5SP','46','46','28','22',0,' Rear','1'),
	(460,'Sanshin','medium flange (like Specialized) 7SP','46','46','33','18',0,' Rear','1'),
	(461,'Sanshin','Schwinn unicycle hub','62','62','37','37',0,'n/a','1'),
	(462,'Shimano','105  HB-5501','38','38','38','38',100,' Front','1'),
	(463,'Shimano','105 FH-5500 9SP','45','45','32','20',130,' Rear','1'),
	(464,'Shimano','105SC FH-1055 7SP','45','45','37','20',126,' Rear','1'),
	(465,'Shimano','105SC HB-1055-F','38','38','36','36',100,' Front','1'),
	(466,'Shimano','200GS FH-HG20-QR 7SP','45','45','38','20',126,' Rear','1'),
	(467,'Shimano','200GS FH-HG20-QR 7SP','45','45','36','22',130,' Rear','1'),
	(468,'Shimano','400CX FH-C040 7SP','45','45','36','22',130,' Rear','1'),
	(469,'Shimano','400CX HB-C400','38','38','36','36',100,' Front','1'),
	(470,'Shimano','600 FH-6400 6SP','45','45','35','19',126,' Rear','1'),
	(471,'Shimano','600 HB-6400','38','38','35','35',100,' Front','1'),
	(472,'Shimano','600 Ultegra FH-6401 7SP','45','45','37','20',126,' Rear','1'),
	(473,'Shimano','600 Ultegra FH-6402 8SP','45','45','37','20',130,' Rear','1'),
	(474,'Shimano','600 Ultegra HB-6400-F','38','38','36','36',100,' Front','1'),
	(475,'Shimano','700CX FH-C070 7SP','45','45','35','22',130,' Rear','1'),
	(476,'Shimano','700CX HB-C700','38','38','36','36',100,' Front','1'),
	(477,'Shimano','Acera FH-M290 7SP','45','45','38','22',130,' Rear','1'),
	(478,'Shimano','Acera FH-M290 7SP','45','45','35','25',135,' Rear','1'),
	(479,'Shimano','Acera HB-M290','38','38','35','35',100,' Front','1'),
	(480,'Shimano','Alivio FH-MC18AZ 8SP','45','45','34','21',135,' Rear','1'),
	(481,'Shimano','Alivio FH-R050 7SP','45','45','38','22',130,' Rear','1'),
	(482,'Shimano','Alivio FH-R050 7SP','45','45','35','25',135,' Rear','1'),
	(483,'Shimano','Altus C90 FH-CT90 6SP','45','45','37','23',126,' Rear','1'),
	(484,'Shimano','Altus C90 FH-CT90 6SP','45','45','38','22',130,' Rear','1'),
	(485,'Shimano','Altus C90 FH-CT90 7SP','45','45','35','25',130,' Rear','1'),
	(486,'Shimano','Altus C90 FH-CT90 7SP','45','45','35','25',135,' Rear','1'),
	(487,'Shimano','Altus C90 HB-CT90','38','38','35','35',96100,' Front','1'),
	(488,'Shimano','Deore DX cassette 7SP','45','45','38','22',130,' Rear','1'),
	(489,'Shimano','Deore HB-M510','42','42','34','34',100,' Front','1'),
	(490,'Shimano','Deore LX & STX-RC. FH-R080 8SP','45','45','37','22',135,' Rear','1'),
	(491,'Shimano','Deore LX FH-563 7SP','45','45','37','23',130,' Rear','1'),
	(492,'Shimano','Deore LX FH-563 7SP','45','45','35','25',135,' Rear','1'),
	(493,'Shimano','Deore LX FH-565 8SP','45','45','37','22',135,' Rear','1'),
	(494,'Shimano','Deore LX FH-570 9SP','45','45','36','23',135,' Rear','1'),
	(495,'Shimano','Deore LX HB-M563, HB-M564, HB-M570','38','38','35','35',100,' Front','1'),
	(496,'Shimano','Deore XT FH-M737 8SP','45','45','36','23',135,' Rear','1'),
	(497,'Shimano','Deore XT FH-M756L 9SP','61','61','32','18',135,' Rear','1'),
	(498,'Shimano','Deore XT HB-M737, HB-M738','38','38','35','35',100,' Front','1'),
	(499,'Shimano','Deore XT HB-M756L','61','61','21','31',100,' Front','1'),
	(500,'Shimano','Dura-Ace 10spd 7800 10SP','44','44','38','22',130,' Rear','1'),
	(501,'Shimano','Dura-Ace 7800','40','40','38','38',100,' Front','1'),
	(502,'Shimano','Dura-Ace FH-7400 6SP','44','44','36','23',126,' Rear','1'),
	(503,'Shimano','Dura-Ace FH-7400 7SP','44','44','38','21',126,' Rear','1'),
	(504,'Shimano','Dura-Ace FH-7402, 7403 8SP','44','44','36','21',130,' Rear','1'),
	(505,'Shimano','Dura-Ace FH-7700 9SP','44','44','36','21',130,' Rear','1'),
	(506,'Shimano','Dura-Ace low flange, all','38','38','37','37',100,' Front','1'),
	(507,'Shimano','Dura-Ace re-spaced to track','44','44','28','29',120,' Rear','1'),
	(508,'Shimano','Dura-Ace track high flange','67','67','34','34',100,' Front','1'),
	(509,'Shimano','Dura-Ace track high flange','67','67','41','30',120,' Rear','1'),
	(510,'Shimano','Dura-Ace track small flange','38','38','35','35',100,' Front','1'),
	(511,'Shimano','Dura-Ace track small flange','44','44','37','31',120,' Rear','1'),
	(512,'Shimano','Exage FH-HG40, FH-HG50 7SP','45','45','38','20',126,' Rear','1'),
	(513,'Shimano','Exage FH-HG40, FH-HG50 7SP','45','45','36','22',130,' Rear','1'),
	(514,'Shimano','Exage FH-HG40, FH-HG50 7SP','45','45','33','24',135,' Rear','1'),
	(515,'Shimano','Exage HB-RM50-F, HB-RM50','38','38','36','36',100,' Front','1'),
	(516,'Shimano','FH-RM40-8 8SP','45','45','35','25',135,' Rear','1'),
	(517,'Shimano','HB-NX30 hubdynamo','80','80','28','28',100,' Front','1'),
	(518,'Shimano','Inter-L hub dynamo','80','80','29','29',100,' Front','1'),
	(519,'Shimano','Nexave','52','52','25','33',100,' Front','1'),
	(520,'Shimano','Nexave','45','45','30','21',135,' Rear','1'),
	(521,'Shimano','NEXUS  SG-7R45 7SPD INTER-7 ROLLER BRAKE 7SP','87','87','29','25',130,' Rear','1'),
	(522,'Shimano','Nexus 4S coaster brake SG-4C30','84','84','31','23',123,' Rear','1'),
	(523,'Shimano','Nexus 4S roller brake SG-4R31','84','84','27','33',123,' Rear','1'),
	(524,'Shimano','Nexus 7S coaster brake SG-7C21','87','87','29','24',127,' Rear','1'),
	(525,'Shimano','Nexus 7S roller brake SG-7R40','87','87','31','23',130,' Rear','1'),
	(526,'Shimano','Nexus front, roller brake HB-IM40','52','52','26','33',100,' Front','1'),
	(527,'Shimano','Nexus Inter-8 8-speed internal','92','92','29','24',132,' Rear','1'),
	(528,'Shimano','Nexus Inter-8 8-speed internal SG-8R20','92','92','30','24',0,' Rear','1'),
	(529,'Shimano','Nexus Inter-8 8-speed internal without roller brake locknut','92','92','32','21',125,' Rear','1'),
	(530,'Shimano','Nexus Inter-L HB-NX30 dynohub','80','80','28','28',100,' Front','1'),
	(531,'Shimano','parallax','38','38','34','34',100,' Front','1'),
	(532,'Shimano','RSX FH-A410 7SP','45','45','37','20',126,' Rear','1'),
	(533,'Shimano','RSX FH-A410 7SP','45','45','36','22',130,' Rear','1'),
	(534,'Shimano','RSX FH-A416 9SP','45','45','35','18',130,' Rear','1'),
	(535,'Shimano','RSX HB-A410','38','38','36','36',100,' Front','1'),
	(536,'Shimano','RX100 FH-A550 7SP','45','45','37','20',126,' Rear','1'),
	(537,'Shimano','RX100 HB-A550-F','38','38','36','36',100,' Front','1'),
	(538,'Shimano','Santé 7SP','45','45','36','20',126,' Rear','1'),
	(539,'Shimano','Santé','45','45','35','35',100,' Front','1'),
	(540,'Shimano','STX FH-MC32 7SP','45','45','38','22',130,' Rear','1'),
	(541,'Shimano','STX FH-MC32 7SP','45','45','35','25',135,' Rear','1'),
	(542,'Shimano','STX FH-R050 7SP','45','45','38','22',130,' Rear','1'),
	(543,'Shimano','STX FH-R050 7SP','45','45','35','25',135,' Rear','1'),
	(544,'Shimano','STX HB-MC32','38','38','35','35',100,' Front','1'),
	(545,'Shimano','STX-RC FH-MC33 7SP','45','45','38','22',130,' Rear','1'),
	(546,'Shimano','STX-RC FH-MC33 7SP','45','45','35','25',135,' Rear','1'),
	(547,'Shimano','STX-RC. HB-MC33-S, HB-MC33','38','38','35','35',100,' Front','1'),
	(548,'Shimano','tandem FH-FH08 8SP','63','63','28','22',145,' Rear','1'),
	(549,'Shimano','tandem HB-HF08','63','63','35','35',100,' Front','1'),
	(550,'Shimano','Ultegra 9 spd FH-6500 9SP','44','44','38','18',130,' Rear','1'),
	(551,'Shimano','Ultegra dynamo front hub','70','70','28','28',100,' Front','1'),
	(552,'Shimano','Ultegra FH-6500 9SP','45','45','37','20',130,' Rear','1'),
	(553,'Shimano','Ultegra HB-6500','38','38','36','36',100,' Front','1'),
	(554,'Shimano','Ultegra HB-6500A','38','38','38','38',100,' Front','1'),
	(555,'Shimano','XT Disc','61','61','22','33',100,' Front','1'),
	(556,'Shimano','XT Disc 9SP','61','61','34','19',135,' Rear','1'),
	(557,'Shimano','XT Disc FH-M756-L, Trek PN 244333 9SP','45','45','37','24',135,' Rear','1'),
	(558,'Shimano','XT Disc HB-M765-L, Trek PN 244332','44','38','26','37',100,' Front','1'),
	(559,'Shimano','XT FHM750, Trek P/N 991586 9SP','45','45','34','21',135,' Rear','1'),
	(560,'Shimano','XT FHM760L, TrekPN 244330 9SP','45','45','35','20',135,' Rear','1'),
	(561,'Shimano','XT HBM751 Trek P/N 991584, 32 Hole','38','38','35','35',100,' Front','1'),
	(562,'Shimano','XT HBM760L, Trek PN 244329, 32 Hole','38','38','34','34',100,' Front','1'),
	(563,'Shimano','XT-II, DX','38','38','35','35',100,' Front','1'),
	(564,'Shimano','XT-II, DX 7SP','45','45','35','25',135,' Rear','1'),
	(565,'Shimano','XTR FH-M950 9SP','45','45','36','23',135,' Rear','1'),
	(566,'Shimano','XTR FH-M965 Disc 9SP','45','45','35','23',135,' Rear','1'),
	(567,'Shimano','XTR HB-M950','38','38','35','35',100,' Front','1'),
	(568,'Shimano','XTR HB-M965 Disc','43','38','24','35',100,' Front','1'),
	(569,'Shogun','Little Sumo','40','40','30','30',100,' Front','1'),
	(570,'Shogun','Zero Carbon','46','46','33','33',100,' Front','1'),
	(571,'Specialized','Low flange','38','38','33','33',100,' Front','1'),
	(572,'Specialized','low flange','44','44','35','20',126,' Rear','1'),
	(573,'Specialized','low flange','44','44','33','22',130,' Rear','1'),
	(574,'Specialized','medium flange','43','43','33','33',100,' Front','1'),
	(575,'Specialized','medium flange','46','46','28','22',0,' Rear','1'),
	(576,'Specialized','medium flange','46','46','33','18',0,' Rear','1'),
	(577,'Specialized','skraxle by DT','36','36','34','34',100,' Front','1'),
	(578,'Specialized','Stout','45','45','37','37',100,' Front','1'),
	(579,'Specialized','Y2K by DT','36','36','34','34',100,' Front','1'),
	(580,'Specialized','Y2K by DT','45','45','37','16',130,' Rear','1'),
	(581,'Specialized','Y2K by DT','45','45','35','19',135,' Rear','1'),
	(582,'Spot','Single Speed','48','48','35','35',100,' Front','1'),
	(583,'Spot','Single Speed','48','48','42','41',135,' Rear','1'),
	(584,'SRAM','2001 non-disc hubs','39','39','29','29',100,' Front','1'),
	(585,'SRAM','2001 non-disc hubs 9SP','45','45','30','20',135,' Rear','1'),
	(586,'SRAM','5 speed hub MH 5205 w/no brake','75','75','29','29',123,' Rear','1'),
	(587,'SRAM','5 speed hub MH 5215 w/coaster brake','75','75','39','28',122,' Rear','1'),
	(588,'SRAM','5 speed hub MH 5225 w/drum brake','90','90','29','30',126,' Rear','1'),
	(589,'SRAM','9','39','39','30','30',100,' Front','1'),
	(590,'SRAM','9.0SL disc','45','45','22','27',100,' Front','1'),
	(591,'SRAM','9.0SL, Disc 9SP','45','45','30','20',135,' Rear','1'),
	(592,'SRAM','Dual Drive 27/24 9SP','67','67','33','18',0,' Rear','1'),
	(593,'SRAM','Dual Drive 27/24 disc brake 9SP','67','67','33','18',0,' Rear','1'),
	(594,'SRAM','Dual Drive 27/24 I-brake 9SP','67','67','33','18',0,' Rear','1'),
	(595,'SRAM','Neos, Centera 7SP','45','45','27','23',135,' Rear','1'),
	(596,'SRAM','Neos, Centera, Traax 7SP','45','45','29','21',130,' Rear','1'),
	(597,'SRAM','Plasma, Quartz, Neos, Centera 8SP','45','45','30','20',135,' Rear','1'),
	(598,'SRAM','Plasma, Quartz, Neos, Centera, Traax','39','39','29','29',100,' Front','1'),
	(599,'SRAM','Power Disc: Plasma, Quartz 8SP','62','62','30','20',135,' Rear','1'),
	(600,'SRAM','Power Disc: Quartz 8SP','62','62','32','18',130,' Rear','1'),
	(601,'SRAM','Quartz, Neos, Centera 8SP','45','45','32','18',130,' Rear','1'),
	(602,'SRAM','Sparc','194','194','27','27',0,' Rear','1'),
	(603,'SRAM','Spectro 12 speed hub with coaster brake','105','132','37','20',135,' Rear','1'),
	(604,'SRAM','Spectro 3 speed hum MH 3115 w/no brake','58','58','25','24',117,' Rear','1'),
	(605,'SRAM','Spectro 3 speed hum MH 3125 w/coaster brake','58','58','25','24',118,' Rear','1'),
	(606,'SRAM','Spectro 3 speed hum MH 3125 w/drum brake','89','89','32','25',118,' Rear','1'),
	(607,'SRAM','Spectro 3x7: 3s hub with 7SP','67','67','35','20',135,' Rear','1'),
	(608,'SRAM','Spectro 7 speed hub MH 7205 w/no brake','75','75','34','34',132,' Rear','1'),
	(609,'SRAM','Spectro 7 speed hub MH 7215 w/coaster brake','75','75','34','33',130,' Rear','1'),
	(610,'SRAM','Spectro 7 speed hub MH 7225 w/drum brake','90','90','35','34',135,' Rear','1'),
	(611,'SRAM','Traax 7SP','45','45','30','20',130,' Rear','1'),
	(612,'Sturmey','3 spd','65','65','27','27',0,' Rear','1'),
	(613,'Sturmey','dyno','102','42','27','27',100,' Front','1'),
	(614,'Sturmey','dyno','101','65','40','25',0,' Rear','1'),
	(615,'Sturmey','Elite ST drum','90','90','41','18',0,' Rear','1'),
	(616,'Sturmey','hi brake','90','90','27','27',100,' Front','1'),
	(617,'Sturmey','hi brake','82','82','40','20',0,' Rear','1'),
	(618,'Sun','439/439 Lite 8SP','52','52','34','21',135,' Rear','1'),
	(619,'Sun','ABBAH / Lawwill DH (12mm thru axle) 8SP','54','54','35','20',135,' Rear','1'),
	(620,'Sun','ABBAH S.O.S. DH (20mm thru axle)','59','54','24','35',110,' Front','1'),
	(621,'Sun','ABBAH S.O.S. XC 8SP','59','59','34','21',135,' Rear','1'),
	(622,'Sun','ABBAH S.O.S. XC (9mm axle ends)','59','45','21','35',100,' Front','1'),
	(623,'Sun','Atilla the Hub','51','51','32','32',95,' Front','1'),
	(624,'Sun','Attila the hub (BMX)','51','51','37','30',110,' Rear','1'),
	(625,'Sun','SuperDuper Bubba','46','46','34','34',100,' Front','1'),
	(626,'Suntour','GPX','39','39','33','33',100,' Front','1'),
	(627,'Suntour','high flange track','67','67','33','33',100,' Front','1'),
	(628,'Suntour','high flange track','67','67','36','30',120,' Rear','1'),
	(629,'Suntour','low flange','44','44','35','20',126,' Rear','1'),
	(630,'Suntour','low flange','44','44','31','24',135,' Rear','1'),
	(631,'Suntour','micro drive 7SP','44','44','31','20',135,' Rear','1'),
	(632,'Suntour','micro drive 8SP','44','44','33','21',135,' Rear','1'),
	(633,'Suntour','Microlight','36','36','34','34',100,' Front','1'),
	(634,'Suntour','Sprint','39','39','33','33',100,' Front','1'),
	(635,'Suntour','Sprint low flange 7SP','44','44','36','19',126,' Rear','1'),
	(636,'Suntour','Superbe low flange 7SP','44','44','36','19',126,' Rear','1'),
	(637,'Suntour','Superbe Pro','39','39','33','33',100,' Front','1'),
	(638,'Suntour','Superbe Pro cassette 8SP','44','44','37','17',130,' Rear','1'),
	(639,'Suntour','XC-9000','39','39','33','33',100,' Front','1'),
	(640,'Suntour','XC-9000, XCD6000, XCD9000 7SP','45','45','34','21',130,' Rear','1'),
	(641,'Suntour','XCD-6000','36','36','33','33',100,' Front','1'),
	(642,'Surly','\"New\" disc','58','58','22','32',100,' Front','1'),
	(643,'Surly','\"New\" disc','58','58','34','38',135,' Rear','1'),
	(644,'Surly','\"New\" single speed MTB hub','54','54','38','38',135,' Rear','1'),
	(645,'Surly','\"New\" track hub','54','54','32','32',100,' Front','1'),
	(646,'Surly','\"New\" track hub','54','54','30','30',120,' Rear','1'),
	(647,'Surly','1x1','43','43','33','33',100,' Front','1'),
	(648,'Surly','1x1 single speed','43','43','39','39',135,' Rear','1'),
	(649,'Suzue','Sil-SP','62','62','31','31',100,' Front','1'),
	(650,'Suzue','Sil-SP','62','62','27','27',120,' Rear','1'),
	(651,'Suzue','Tandem','63','63','27','27',0,' Rear','1'),
	(652,'Suzue','unicycle hub','63','63','30','30',0,'n/a','1'),
	(653,'Syncros','disc brake','59','39','22','34',100,' Front','1'),
	(654,'Syncros','Hardcore','39','39','34','34',100,' Front','1'),
	(655,'TruVative','Disc Sealex SL FH-DISCX-SL-00','61','45','23','31',100,' Front','1'),
	(656,'TruVative','Sealex SL Disc RH-DISCX-SL-00 9SP','61','61','34','19',135,' Rear','1'),
	(657,'TruVative','Sealex SL FH-SEAL-SL-00','38','38','34','34',100,' Front','1'),
	(658,'TruVative','Sealex SL RH-SEAL-SL-00 9SP','45','61','32','19',135,' Rear','1'),
	(659,'TruVative','Front Sealex XR FH-SEAL-XR-00','38','38','34','34',100,'Front','1'),
	(660,'TruVative','Sealex XR RH-SEAL-XR-00 9SP','45','61','32','19',135,'Rear','1'),
	(661,'Tune King','Front disc 2000','56','56','22','35',100,'Front','1'),
	(662,'Tune King','Front disc 99 DH','56','56','19','34',110,'Front','1'),
	(663,'Tune King','Front Gustav M 99','59','59','20','31',100,'Front','1'),
	(664,'Tune King','Gustav M 99','59','59','31','20',135,'Rear','1'),
	(665,'Tune King','Front Louise 99','56','56','24','35',100,'Front','1'),
	(666,'Tune King','Front MK disc 99 DH','55','55','25','34',110,'Front','1'),
	(667,'White Industries','cassette','54','54','34','20',130,'Front','1'),
	(668,'White Industries','cassette','54','54','34','21',135,'Rear','1'),
	(669,'White Industries','Front disc','74','74','21','32',100,'Front','1'),
	(670,'White Industries','ENO eccentric flip-flop','48','48','32','32',126130135,'Rear','1'),
	(671,'White Industries','disc','67','67','36','21',135,'Rear','1'),
	(672,'White Industries','Front disc DH','75','75','22','35',110,'Front','1'),
	(673,'White Industries','Front road','34','34','38','38',100,'Front','1'),
	(674,'White Industries','Front Ti','34','34','35','35',100,'Front','1'),
	(675,'White Industries','Ti 6SP','54','54','29','24',126,'Rear','1'),
	(676,'White Industries','Ti 7SP','54','54','37','19',126,'Rear','1'),
	(677,'White Industries','Ti 6SP','54','54','27','27',130,'Rear','1'),
	(678,'White Industries','Ti 7SP','54','54','32','22',130,'Rear','1'),
	(679,'White Industries','Ti 8SP','54','54','36','18',130,'Rear','1'),
	(680,'White Industries','Ti 7SP','54','54','29','25',135,'Rear','1'),
	(681,'White Industries','Ti 8SP','54','54','34','20',135,'Rear','1'),
	(682,'White Industries','Front Tracker','40','40','35','35',100,'Front','1'),
	(683,'Wilderness Trails','Front Momentum','40','40','34','34',100,'Front','1'),
	(684,'Wilderness Trails','Front New Paradigm large flange','45','45','39','39',100,'Front','1'),
	(685,'Wilderness Trails','Front New Paradigm small flange','42','42','39','39',100,'Front','1'),
	(686,'Woodman','Front Bill LFY for Lefty fork','58','58','16','35',0,'Front','1'),
	(687,'WTB','classic 7SP','59','59','30','25',131,'Rear','1'),
	(688,'WTB','classic 7SP','59','59','28','27',136,'Rear','1'),
	(689,'WTB','classic 8SP','59','59','31','23',136,'Rear','1'),
	(690,'WTB','classic 8SP','59','59','27','27',141,'Rear','1'),
	(691,'WTB','New Paradigm 7-speed cassette','45','45','31','25',135,'Rear','1'),
	(692,'WTB','New Paradigm 7-speed cassette','45','45','38','27',140,'Rear','1'),
	(693,'WTB','New Paradigm 8-speed cassette  8SP','45','45','33','23',136,'Rear','1'),
	(694,'WTB','New Paradigm 8-speed cassette  8SP','45','45','35','21',139,'Rear','1'),
	(695,'Zipp','Front 100','43','43','36','36',100,'Front','1'),
	(696,'Zipp','217 8SP','43','43','37','20',130,'Rear','1'),
	(697,'DT Swiss','Hugi FR 440','58','52','22','30',110,'Front','4');

/*!40000 ALTER TABLE `hubinfo` ENABLE KEYS */;
UNLOCK TABLES;


# Dump of table members
# ------------------------------------------------------------

DROP TABLE IF EXISTS `members`;

CREATE TABLE `members` (
  `id` int(4) NOT NULL AUTO_INCREMENT,
  `username` varchar(100) NOT NULL DEFAULT '',
  `password` varchar(40) NOT NULL DEFAULT '',
  `pagesize` char(3) NOT NULL DEFAULT '25',
  PRIMARY KEY (`id`)
) ENGINE=MyISAM DEFAULT CHARSET=latin1;

LOCK TABLES `members` WRITE;
/*!40000 ALTER TABLE `members` DISABLE KEYS */;

INSERT INTO `members` (`id`, `username`, `password`, `pagesize`)
VALUES
	(1,'melon','934aae49f648ed870c9c421829f4cece6643cf86','100');

/*!40000 ALTER TABLE `members` ENABLE KEYS */;
UNLOCK TABLES;


# Dump of table riminfo
# ------------------------------------------------------------

DROP TABLE IF EXISTS `riminfo`;

CREATE TABLE `riminfo` (
  `rimid` int(11) NOT NULL AUTO_INCREMENT,
  `rname` varchar(250) NOT NULL DEFAULT '',
  `rmodel` varchar(250) NOT NULL DEFAULT '',
  `erd` int(4) NOT NULL DEFAULT '0',
  `spokes` int(120) NOT NULL DEFAULT '0',
  `rsize` int(10) NOT NULL DEFAULT '0',
  `gid` varchar(11) NOT NULL DEFAULT '1',
  PRIMARY KEY (`rimid`)
) ENGINE=MyISAM DEFAULT CHARSET=latin1;

LOCK TABLES `riminfo` WRITE;
/*!40000 ALTER TABLE `riminfo` DISABLE KEYS */;

INSERT INTO `riminfo` (`rimid`, `rname`, `rmodel`, `erd`, `spokes`, `rsize`, `gid`)
VALUES
	(30,'Alex','Adventurer',545,0,26,'7'),
	(31,'Alex','DA28',537,0,26,'7'),
	(17,'Alex','DM24',547,0,26,'7'),
	(18,'Alex','ESD25',487,0,26,'7'),
	(19,'Alex','Supra D',536,0,26,'7'),
	(20,'Alex','Supra Feather',536,0,20,'7'),
	(21,'Alex','Tubular',606,0,700,'7'),
	(48,'Alex','Supra D',538,0,36,'7'),
	(49,'Alex','EEX',394,0,20,'7'),
	(50,'Alex','MT28',538,0,26,'7'),
	(51,'Alex','DX32',548,0,26,'7'),
	(52,'Alex','AP18',545,0,26,'7'),
	(53,'Alex','Supra E Pro',395,0,20,'7'),
	(54,'Alex','Supra G',390,0,20,'7'),
	(55,'Alex','DX 2418',392,0,20,'7'),
	(56,'Alex','X-Rim',394,0,20,'7'),
	(57,'Alex','DM18',546,0,26,'7'),
	(58,'Alex','DM18',610,0,700,'7'),
	(301,'Alex','DA22',600,0,700,'7'),
	(302,'Alex','DV15',606,0,700,'7'),
	(303,'Alex','G6000 22mm wide x 29mm deep, 686g',583,0,700,'7'),
	(304,'Alex','R390 19.6w x 19.1h, double eyelets',603,0,700,'7'),
	(590,'Alex','DX32',553,0,26,'7'),
	(890,'Alex','DM24',288,0,16,'7'),
	(139,'Ambrosio','aero (with washers)',604,0,700,'19'),
	(140,'Ambrosio','Crono',615,0,700,'19'),
	(141,'Ambrosio','Formula 20 Crono',618,0,700,'19'),
	(142,'Ambrosio','Metamorphosis',618,0,700,'19'),
	(143,'Ambrosio','Montreal',618,0,700,'19'),
	(144,'Ambrosio','Nemesis',617,0,700,'19'),
	(145,'Ambrosio','Synthesis',618,0,700,'19'),
	(247,'Ambrosio','Aero Elite (rim washers)',611,0,27,'19'),
	(248,'Ambrosio','Elite (single eyelets)',620,0,27,'19'),
	(305,'Ambrosio','Aero Elite',605,0,700,'19'),
	(306,'Ambrosio','Balance 20w x 22h',601,0,700,'19'),
	(307,'Ambrosio','Elite',614,0,700,'19'),
	(308,'Ambrosio','Elite City 22',613,0,700,'19'),
	(309,'Ambrosio','Elite Prisma',608,0,700,'19'),
	(310,'Ambrosio','Excellence',606,0,700,'19'),
	(311,'Ambrosio','Super Elite',615,0,700,'19'),
	(112,'American Classic','carbon fiber V rim',520,0,650,'12'),
	(146,'American Classic','carbon fiber V rim',567,0,700,'12'),
	(312,'American Classic','carbon fiber V rim by Zipp',528,0,700,'12'),
	(313,'American Classic','CR-350, new 24mm deep model',590,0,700,'12'),
	(314,'American Classic','Design\'s CR350',598,0,700,'12'),
	(563,'American Classic','carbon fiber V rim',482,0,650,'12'),
	(100,'Araya','NEWADX-1S',409,0,20,'20'),
	(102,'Araya','ADX-4',506,0,24,'20'),
	(103,'Araya','NEWADX-1S',503,0,24,'20'),
	(104,'Araya','SA-230S Super Aero (30mm deep)',478,0,24,'20'),
	(113,'Araya','ADX-4',558,0,650,'20'),
	(114,'Araya','NEWADX-1S',553,0,650,'20'),
	(115,'Araya','R-50',563,0,650,'20'),
	(116,'Araya','SA-230S Super Aero (30mm deep)',530,0,650,'20'),
	(147,'Araya','16B Gold',618,0,700,'20'),
	(148,'Araya','16B Red',618,0,700,'20'),
	(149,'Araya','16BGOLDNEW track, classic tub, 335g',618,0,700,'20'),
	(150,'Araya','ADX-1',609,0,700,'20'),
	(151,'Araya','ADX-2',607,0,700,'20'),
	(152,'Araya','ADX-4',611,0,700,'20'),
	(153,'Araya','ADX-5',611,0,700,'20'),
	(154,'Araya','NEWADX-1S',606,0,700,'20'),
	(155,'Araya','Pro Staff 340',619,0,700,'20'),
	(156,'Araya','Pro Staff 400',619,0,700,'20'),
	(157,'Araya','R-50, classic tub, 415g',618,0,700,'20'),
	(158,'Araya','SA-230S Super Aero (30mm deep)',581,0,700,'20'),
	(159,'Araya','Tita-Ace',618,0,700,'20'),
	(249,'Araya','16A(3)',623,0,27,'20'),
	(250,'Araya','16A(5)',622,0,27,'20'),
	(251,'Araya','20A',618,0,27,'20'),
	(252,'Araya','ADX-1W',617,0,27,'20'),
	(253,'Araya','ADX-2W',610,0,27,'20'),
	(254,'Araya','LP-60',616,0,27,'20'),
	(255,'Araya','SP-30',622,0,27,'20'),
	(256,'Araya','SS-40',618,0,27,'20'),
	(257,'Araya','SS-45',621,0,27,'20'),
	(258,'Araya','TF-110',616,0,27,'20'),
	(259,'Araya','W/O-2 steel',618,0,27,'20'),
	(315,'Araya','15',615,0,700,'20'),
	(316,'Araya','16A(3)',616,0,700,'20'),
	(317,'Araya','16A(5)',615,0,700,'20'),
	(318,'Araya','18',616,0,700,'20'),
	(319,'Araya','20A',611,0,700,'20'),
	(320,'Araya','ADX-1W',607,0,700,'20'),
	(321,'Araya','ADX-2W',602,0,700,'20'),
	(322,'Araya','ADX-510',600,0,700,'20'),
	(323,'Araya','CT19',611,0,700,'20'),
	(324,'Araya','CTL185',609,0,700,'20'),
	(325,'Araya','CTL-370',611,0,700,'20'),
	(326,'Araya','CTL385',609,0,700,'20'),
	(327,'Araya','PX35',614,0,700,'20'),
	(328,'Araya','PX-645',610,0,700,'20'),
	(329,'Araya','RC-540',606,0,700,'20'),
	(330,'Araya','RT-520',612,0,700,'20'),
	(331,'Araya','SA-530C Super Aero clincher (30mm deep)',580,0,700,'20'),
	(332,'Araya','SP-20',615,0,700,'20'),
	(333,'Araya','SP-30',613,0,700,'20'),
	(334,'Araya','SS-40',611,0,700,'20'),
	(335,'Araya','SS-45',614,0,700,'20'),
	(336,'Araya','TX-310F',610,0,700,'20'),
	(337,'Araya','TX350',611,0,700,'20'),
	(338,'Araya','VX300',614,0,700,'20'),
	(339,'Araya','VX400',614,0,700,'20'),
	(564,'Araya','ADX-510',549,0,650,'20'),
	(565,'Araya','RC-540',547,0,650,'20'),
	(566,'Araya','SA-530C Super Aero clincher (30mm deep)',529,0,650,'20'),
	(591,'Araya','Big Willie MG2000',538,0,26,'20'),
	(592,'Araya','GP-710',549,0,26,'20'),
	(593,'Araya','RB-17',498,0,26,'20'),
	(594,'Araya','RM14',547,0,26,'20'),
	(595,'Araya','RM17',547,0,26,'20'),
	(596,'Araya','RM20',547,0,26,'20'),
	(597,'Araya','RM25',547,0,26,'20'),
	(598,'Araya','RM395',547,0,26,'20'),
	(599,'Araya','RM400',547,0,26,'20'),
	(600,'Araya','RM-915DH',547,0,26,'20'),
	(601,'Araya','RM-930DISC',539,0,26,'20'),
	(602,'Araya','TM-840F',549,0,26,'20'),
	(603,'Araya','VP20',547,0,26,'20'),
	(604,'Araya','XA-1',543,0,26,'20'),
	(820,'Araya','7X',497,0,24,'20'),
	(821,'Araya','RB-17',498,0,24,'20'),
	(822,'Araya','RB-907X/Super7X',499,0,24,'20'),
	(823,'Araya','RM20',496,0,24,'20'),
	(824,'Araya','VP-20',498,0,24,'20'),
	(857,'Araya','GP-710',393,0,20,'20'),
	(858,'Araya','MP-707X',396,0,20,'20'),
	(859,'Araya','RB-17',379,0,20,'20'),
	(860,'Araya','RB-907X/Super7X',377,0,20,'20'),
	(861,'Araya','RB-J1/HIMIKO',382,0,20,'20'),
	(862,'Araya','TB-807X/Ultra7X',392,0,20,'20'),
	(891,'Araya','GP-710',262,0,161,'20'),
	(605,'Atomic','Trailpimp',522,0,26,'1'),
	(85,'Bontrager','Race Disc',538,28,26,'15'),
	(86,'Bontrager','Race Lite Tubeless',541,28,26,'15'),
	(87,'Bontrager','Race Lite Tubeless No Offset',539,24,26,'15'),
	(88,'Bontrager','Race Lite Tubeless No Offset',539,28,26,'15'),
	(93,'Bontrager','Valiant',539,32,26,'15'),
	(160,'Bontrager','PN 220042 Race X-Lite alu',595,0,700,'15'),
	(161,'Bontrager','PN 221065 Race X-Lite OCLV Carbon Aero',587,0,700,'15'),
	(162,'Bontrager','PN 221636 Race X-Lite alu OSB',598,0,700,'15'),
	(163,'Bontrager','PN 231573 Race X-Lite alu, new wider rim',595,0,700,'15'),
	(164,'Bontrager','PN 231574 Race X-Lite alu OSB, new wider rim',598,0,700,'15'),
	(340,'Bontrager','PN 220421 Race X-Lite road',595,0,700,'15'),
	(341,'Bontrager','PN 220429 Race Lite road OSB',598,0,700,'15'),
	(342,'Bontrager','PN 220437 Select OSB',604,0,700,'15'),
	(343,'Bontrager','PN 220472 Race Tubeless 29 OSB rim brake compatible',607,0,700,'15'),
	(344,'Bontrager','PN 221715 Race Lite Tandem',580,0,700,'15'),
	(345,'Bontrager','PN 221850 Race Lite Tubeless 29 OSB rim brake compatible',607,0,700,'15'),
	(346,'Bontrager','PN 231404 Race X-Light Aero aluminum clincher',598,0,700,'15'),
	(347,'Bontrager','PN 240064 RXXXL OCLV Carbon Tubular Front/Rear with SS washer (.82mm thick)',591,0,700,'15'),
	(348,'Bontrager','PN 242752, R455 (04 Select Rd. extrusion)',596,0,700,'15'),
	(349,'Bontrager','PN 981886 Clyde (24mm wide)',607,0,700,'15'),
	(350,'Bontrager','PN 992115, 994103 Fairlane symmetric',607,0,700,'15'),
	(351,'Bontrager','PN 992116, 994305 Fairlane OSB',607,0,700,'15'),
	(352,'Bontrager','RXL Carbon Clincher Front PROTOTYPE',590,0,700,'15'),
	(353,'Bontrager','RXL Carbon Clincher Rear OSB PROTOTYPE',593,0,700,'15'),
	(354,'Bontrager','RXL OCLV Carbon Tubular Front/Rear Prototype',586,0,700,'15'),
	(606,'Bontrager','BCX Blue',545,0,26,'15'),
	(607,'Bontrager','BCX Red',545,0,26,'15'),
	(608,'Bontrager','BCX1, BCX2, BCX3',553,0,26,'15'),
	(609,'Bontrager','PN 201752 Mustang OSB Disc',539,0,26,'15'),
	(610,'Bontrager','PN 211931 Mustang tubeless',542,0,26,'15'),
	(611,'Bontrager','PN 220459 Race Mod Tubeless front',542,0,26,'15'),
	(612,'Bontrager','PN 220481 Race Mod Disc specific',539,0,26,'15'),
	(613,'Bontrager','PN 231248 Race X-Lite OSB',543,0,26,'15'),
	(614,'Bontrager','PN 231714 Race X-Lite symmetrical',538,0,26,'15'),
	(615,'Bontrager','PN 982951 Valiant symmetrical',539,0,26,'15'),
	(616,'Bontrager','PN 984037 Maverick symmetrical',545,0,26,'15'),
	(617,'Bontrager','PN 984038 Maverick OSB',545,0,26,'15'),
	(618,'Bontrager','PN 984039 Mustang OSB',545,0,26,'15'),
	(619,'Bontrager','PN 984042 Clyde',545,0,26,'15'),
	(620,'Bontrager','PN 984238 Mustang symmetrical',545,0,26,'15'),
	(621,'Bontrager','PN 984574 Valiant OSB',545,0,26,'15'),
	(622,'Bontrager','PN 992201Corvair symmetrical',545,0,26,'15'),
	(623,'Bontrager','PN 993524 Corvair OSB',545,0,26,'15'),
	(624,'Bontrager','RaceLite Asym rear',545,0,26,'15'),
	(625,'Bontrager','RaceLite front',542,0,26,'15'),
	(626,'Bontrager','TubeLess Disc, OSB, SSD=534.5+3mm for eyelettes',537,0,26,'15'),
	(627,'Bontrager','Bontrager, PN 221723, Mustang OSB, Tubeless',542,0,26,'15'),
	(628,'Bontrager','Bontrager, PN 231323, Mustang, Front, Tubeless, lightweight extrusion',539,0,26,'15'),
	(629,'Bontrager','Bontrager, PN 231327, Mustang, Disc, Tubeless',537,0,26,'15'),
	(630,'Bontrager','Bontrager/MA2, MA40',549,0,26,'15'),
	(631,'Bontrager','Bontrager/Weinmann BCR1',552,0,26,'15'),
	(825,'Bontrager','Mack',495,0,24,'15'),
	(863,'Bontrager','Mack',390,0,20,'15'),
	(117,'Campagnolo','Campagnolo strada',568,0,650,'16'),
	(165,'Campagnolo','Campagnolo Barcelona \'92 (12mm tall and 15mm tall versions)',616,0,700,'16'),
	(166,'Campagnolo','Campagnolo Delta (box section)',617,0,700,'16'),
	(167,'Campagnolo','Campagnolo Lambda (box section)',617,0,700,'16'),
	(168,'Campagnolo','Campagnolo Los Angeles \'84',615,0,700,'16'),
	(169,'Campagnolo','Campagnolo Omega (box section)',617,0,700,'16'),
	(170,'Campagnolo','Campagnolo Record (box section)',617,0,700,'16'),
	(171,'Campagnolo','Campagnolo Seoul \'88',602,0,700,'16'),
	(172,'Campagnolo','Campagnolo Sigma (box section)',617,0,700,'16'),
	(173,'Campagnolo','Campagnolo strada',616,0,700,'16'),
	(174,'Campagnolo','Campagnolo strada',616,0,700,'16'),
	(175,'Campagnolo','Campagnolo V profile',603,0,700,'16'),
	(176,'Campagnolo','Campagnolo Victory (box section)',617,0,700,'16'),
	(355,'Campagnolo','Campagnolo Amber',611,0,700,'16'),
	(356,'Campagnolo','Campagnolo Atlanta \'96 (about 30mm tall)',575,0,700,'16'),
	(357,'Campagnolo','Campagnolo Delta XL, Omega XL, Lambda, Omicron box (very low profile)',614,0,700,'16'),
	(358,'Campagnolo','Campagnolo Gamma box',612,0,700,'16'),
	(359,'Campagnolo','Campagnolo Helsinki \'52',612,0,700,'16'),
	(360,'Campagnolo','Campagnolo Lambda V profile  (about 21mm tall)',600,0,700,'16'),
	(361,'Campagnolo','Campagnolo Melbourne \'56',612,0,700,'16'),
	(362,'Campagnolo','Campagnolo Mexico \'68',618,0,700,'16'),
	(363,'Campagnolo','Campagnolo Montreal \'76 box style',608,0,700,'16'),
	(364,'Campagnolo','Campagnolo Montreal \'76, new style (beveled semi-aero)',603,0,700,'16'),
	(365,'Campagnolo','Campagnolo Moskva \'80',601,0,700,'16'),
	(366,'Campagnolo','Campagnolo Munchen \'72',618,0,700,'16'),
	(367,'Campagnolo','Campagnolo Omega V profile (about 21mm tall)',600,0,700,'16'),
	(368,'Campagnolo','Campagnolo Omega 19 box style (about 19mm wide)',608,0,700,'16'),
	(369,'Campagnolo','Campagnolo Omega Strada and Strada Hardox box style (about 20mm wide)',613,0,700,'16'),
	(370,'Campagnolo','Campagnolo Roma \'60',612,0,700,'16'),
	(371,'Campagnolo','Campagnolo Strada',614,0,700,'16'),
	(372,'Campagnolo','Campagnolo Strada',614,0,700,'16'),
	(373,'Campagnolo','Campagnolo Tokyo \'64',609,0,700,'16'),
	(374,'Campagnolo','Campagnolo Topaz',613,0,700,'16'),
	(375,'Campagnolo','Campagnolo XL Strada',614,0,700,'16'),
	(376,'Campagnolo','Campagnolo Ypsilon V profile (about 21mm tall)',600,0,700,'16'),
	(377,'Campagnolo','Campagnolo Ypsilon box',615,0,700,'16'),
	(567,'Campagnolo','Campagnolo Montreal \'76',555,0,650,'16'),
	(568,'Campagnolo','Campagnolo Omega 19',556,0,650,'16'),
	(632,'Campagnolo','Campagnolo Aconcagua',541,0,26,'16'),
	(633,'Campagnolo','Campagnolo Alpha XL',553,0,26,'16'),
	(634,'Campagnolo','Campagnolo Atek',541,0,26,'16'),
	(635,'Campagnolo','Campagnolo Beta',551,0,26,'16'),
	(636,'Campagnolo','Campagnolo Contax',539,0,26,'16'),
	(637,'Campagnolo','Campagnolo Everest',546,0,26,'16'),
	(638,'Campagnolo','Campagnolo K2',519,0,26,'16'),
	(639,'Campagnolo','Campagnolo Kappa',548,0,26,'16'),
	(640,'Campagnolo','Campagnolo Kilimangiaro',542,0,26,'16'),
	(641,'Campagnolo','Campagnolo Mirox',542,0,26,'16'),
	(642,'Campagnolo','Campagnolo Stheno',540,0,26,'16'),
	(643,'Campagnolo','Campagnolo Thorr',540,0,26,'16'),
	(644,'Campagnolo','Campagnolo Zark',543,0,26,'16'),
	(645,'Campagnolo','Campagnolo Zeta',546,0,26,'16'),
	(378,'da Vinci','V22',596,0,700,'1'),
	(22,'DT Swiss','FR 6.1d',535,32,26,'4'),
	(23,'DT Swiss','XR 4.1d',536,28,26,'4'),
	(177,'Fiamme','Ergal (Yellow Label)',617,0,700,'46'),
	(178,'Fiamme','Ergal-Iride',617,0,700,'46'),
	(179,'Fiamme','Hard Silver',615,0,700,'46'),
	(180,'Fiamme','Master',617,0,700,'46'),
	(181,'Fiamme','Red Label',617,0,700,'46'),
	(182,'Fiamme','Speedy (track)',617,0,700,'46'),
	(183,'Fiamme','Super Corsa',615,0,700,'46'),
	(260,'Fiamme','71-Sport',609,0,27,'46'),
	(261,'Fiamme','80-Elan',603,0,27,'46'),
	(379,'Fiamme','80-Elan',611,0,700,'46'),
	(118,'FiR','Alkor',565,0,650,'45'),
	(119,'FiR','Antara 2000',511,0,650,'45'),
	(120,'FiR','Antara 2000',511,0,650,'45'),
	(184,'FiR','Alkor',617,0,700,'45'),
	(185,'FiR','Antara 2000',562,0,700,'45'),
	(186,'FiR','Antara 2000',562,0,700,'45'),
	(187,'FiR','Isidis',617,0,700,'45'),
	(188,'FiR','Pulsar',617,0,700,'45'),
	(189,'FiR','Quasar',617,0,700,'45'),
	(190,'FiR','Sirus',617,0,700,'45'),
	(191,'FiR','ST120 (400g)',616,0,700,'45'),
	(192,'FiR','ST120L (340g)',616,0,700,'45'),
	(380,'FiR','Antara 2000',562,0,700,'45'),
	(381,'FiR','Antara 2000',562,0,700,'45'),
	(382,'FiR','EA10',600,0,700,'45'),
	(383,'FiR','EA50',610,0,700,'45'),
	(384,'FiR','EA60',610,0,700,'45'),
	(385,'FiR','EA61',608,0,700,'45'),
	(386,'FiR','EA65',609,0,700,'45'),
	(387,'FiR','EL20',614,0,700,'45'),
	(388,'FiR','EL45',614,0,700,'45'),
	(389,'FiR','ES35',614,0,700,'45'),
	(390,'FiR','EU90',614,0,700,'45'),
	(391,'FiR','MT 232',606,0,700,'45'),
	(392,'FiR','Net97',585,0,700,'45'),
	(393,'FiR','Net97',591,0,700,'45'),
	(394,'FiR','SC150 actual weight 380gms!',614,0,700,'45'),
	(395,'FiR','SC170',605,0,700,'45'),
	(396,'FiR','SC200',600,0,700,'45'),
	(397,'FiR','SC350',582,0,700,'45'),
	(398,'FiR','SRG30 (30mm deep aero rim, 500gms)',582,0,700,'45'),
	(569,'FiR','Antara 2000',511,0,650,'45'),
	(570,'FiR','Antara 2000',511,0,650,'45'),
	(571,'FiR','SRG30 (30mm deep aero rim, 440gms)',525,0,650,'45'),
	(646,'FiR','MS26, Downhill (same w/ machined sidewalls)',545,0,26,'45'),
	(647,'FiR','MT 232',543,0,26,'45'),
	(648,'FiR','W 400',535,0,26,'45'),
	(1,'Intense','Mag 30',525,32,26,'33'),
	(193,'LEW','Composite',572,0,700,'1'),
	(649,'Matrix','750 (22mm w x 20.5mm deep)',544,0,26,'56'),
	(650,'Matrix','ISO C',535,0,26,'56'),
	(651,'Matrix','ISO CII',539,0,26,'56'),
	(652,'Matrix','Lobo',551,0,26,'56'),
	(653,'Matrix','Mt. Titan',547,0,26,'56'),
	(654,'Matrix','S T Comp',546,0,26,'56'),
	(655,'Matrix','Single Track',541,0,26,'56'),
	(656,'Matrix','Swami',546,0,26,'56'),
	(3,'Mavic','CPX33',598,32,700,'28'),
	(8,'Mavic','717',541,32,26,'28'),
	(37,'Mavic','Open Sport',607,36,700,'28'),
	(59,'Mavic','X221',544,36,26,'28'),
	(60,'Mavic','517',539,28,26,'28'),
	(61,'Mavic','321 Disc',536,32,26,'28'),
	(62,'Mavic','729EX',538,0,26,'28'),
	(63,'Mavic','A719',600,36,700,'28'),
	(64,'Mavic','A319',602,36,700,'28'),
	(65,'Mavic','317 Disc',539,32,26,'28'),
	(68,'Mavic','519',537,36,26,'28'),
	(69,'Mavic','EX721',534,32,26,'28'),
	(70,'Mavic','D521',533,32,26,'28'),
	(71,'Mavic','618',538,32,26,'28'),
	(72,'Mavic','XC717',540,32,26,'28'),
	(73,'Mavic','T520',600,32,700,'28'),
	(74,'Mavic','CPX22',598,32,700,'28'),
	(75,'Mavic','XM719',538,36,26,'28'),
	(76,'Mavic','XM819',536,32,26,'28'),
	(78,'Mavic','521D',536,32,26,'28'),
	(79,'Mavic','X517',540,36,26,'28'),
	(80,'Mavic','X223D',538,32,26,'28'),
	(81,'Mavic','MX819D',536,32,26,'28'),
	(83,'Mavic','X138',542,32,26,'28'),
	(84,'Mavic','618',533,32,226,'28'),
	(105,'Mavic','CX18',517,0,24,'28'),
	(106,'Mavic','GL330',517,0,24,'28'),
	(107,'Mavic','Mach 2',504,0,24,'28'),
	(121,'Mavic','CX18',577,0,650,'28'),
	(122,'Mavic','GL330',576,0,650,'28'),
	(123,'Mavic','Mach 2',563,0,650,'28'),
	(124,'Mavic','Mach 2CD2',557,0,650,'28'),
	(194,'Mavic','Argent 10',615,0,700,'28'),
	(195,'Mavic','Argent 12 SSC',616,0,700,'28'),
	(196,'Mavic','Argent 7',615,0,700,'28'),
	(197,'Mavic','Argent 8',615,0,700,'28'),
	(198,'Mavic','Bleu SSC',616,0,700,'28'),
	(199,'Mavic','CX18',616,0,700,'28'),
	(200,'Mavic','CXP30',587,0,700,'28'),
	(201,'Mavic','CXP30',587,0,700,'28'),
	(202,'Mavic','GEL280',615,0,700,'28'),
	(203,'Mavic','GL330',615,0,700,'28'),
	(204,'Mavic','GP4 new angular',612,0,700,'28'),
	(205,'Mavic','GP4 old rounder',615,0,700,'28'),
	(206,'Mavic','Mach 2CD2',604,0,700,'28'),
	(207,'Mavic','Mach2',603,0,700,'28'),
	(208,'Mavic','Montlhery Pro',616,0,700,'28'),
	(209,'Mavic','OR7',615,0,700,'28'),
	(210,'Mavic','Paris Roubaix SSC',615,0,700,'28'),
	(211,'Mavic','Piste (track)',617,0,700,'28'),
	(262,'Mavic','E2, G40, Mod E',620,0,27,'28'),
	(263,'Mavic','MA single eyelets',618,0,27,'28'),
	(264,'Mavic','MA2',618,0,27,'28'),
	(265,'Mavic','MA40',618,0,27,'28'),
	(266,'Mavic','Mod 3',618,0,27,'28'),
	(267,'Mavic','Mod 4',618,0,27,'28'),
	(399,'Mavic','192',611,0,700,'28'),
	(400,'Mavic','195',605,0,700,'28'),
	(401,'Mavic','A 119',604,0,700,'28'),
	(402,'Mavic','A 317 Disc',602,0,700,'28'),
	(403,'Mavic','A 319 D',604,0,700,'28'),
	(404,'Mavic','A 319 D 05',602,0,700,'28'),
	(405,'Mavic','A 719',600,0,700,'28'),
	(406,'Mavic','CXP10',601,0,700,'28'),
	(407,'Mavic','CXP11',601,0,700,'28'),
	(408,'Mavic','CXP12',597,0,700,'28'),
	(409,'Mavic','CXP14',587,0,700,'28'),
	(410,'Mavic','CXP21',601,0,700,'28'),
	(411,'Mavic','CXP22N',598,0,700,'28'),
	(412,'Mavic','CXP22S',599,0,700,'28'),
	(413,'Mavic','CXP23',598,0,700,'28'),
	(414,'Mavic','CXP30',587,0,700,'28'),
	(415,'Mavic','CXP33',598,0,700,'28'),
	(416,'Mavic','E2',614,0,700,'28'),
	(417,'Mavic','G40',614,0,700,'28'),
	(418,'Mavic','MA',612,0,700,'28'),
	(419,'Mavic','MA2',613,0,700,'28'),
	(420,'Mavic','MA3',607,0,700,'28'),
	(421,'Mavic','MA40',613,0,700,'28'),
	(422,'Mavic','Mod 3',611,0,700,'28'),
	(423,'Mavic','Mod 3D Argent',613,0,700,'28'),
	(424,'Mavic','Mod 4',611,0,700,'28'),
	(425,'Mavic','Mod 50',613,0,700,'28'),
	(426,'Mavic','Mod E',614,0,700,'28'),
	(427,'Mavic','Open 20',602,0,700,'28'),
	(428,'Mavic','Open 20D',603,0,700,'28'),
	(429,'Mavic','Open 4CD',608,0,700,'28'),
	(430,'Mavic','Open Pro',605,0,700,'28'),
	(431,'Mavic','Open SUP',607,0,700,'28'),
	(432,'Mavic','Reflex',605,0,700,'28'),
	(433,'Mavic','T138',603,0,700,'28'),
	(434,'Mavic','T215',608,0,700,'28'),
	(435,'Mavic','T217',602,0,700,'28'),
	(436,'Mavic','T221',605,0,700,'28'),
	(437,'Mavic','T223',602,0,700,'28'),
	(438,'Mavic','T224',604,0,700,'28'),
	(439,'Mavic','T238',606,0,700,'28'),
	(440,'Mavic','T261',611,0,700,'28'),
	(441,'Mavic','T519',601,0,700,'28'),
	(442,'Mavic','T520',600,0,700,'28'),
	(572,'Mavic','CXP12',549,0,650,'28'),
	(573,'Mavic','CXP14',539,0,650,'28'),
	(574,'Mavic','CXP33',550,0,650,'28'),
	(575,'Mavic','MA40',559,0,650,'28'),
	(576,'Mavic','Open 4CD',554,0,650,'28'),
	(577,'Mavic','Open Pro',554,0,650,'28'),
	(657,'Mavic','117',541,0,26,'28'),
	(658,'Mavic','121',544,0,26,'28'),
	(659,'Mavic','217',539,0,26,'28'),
	(660,'Mavic','217D',540,0,26,'28'),
	(661,'Mavic','220',543,0,26,'28'),
	(662,'Mavic','221',543,0,26,'28'),
	(663,'Mavic','238',544,0,26,'28'),
	(664,'Mavic','238N',543,0,26,'28'),
	(665,'Mavic','D3.1',534,0,26,'28'),
	(666,'Mavic','D321 Disc',537,0,26,'28'),
	(667,'Mavic','D521',535,0,26,'28'),
	(668,'Mavic','Energie M217',540,0,26,'28'),
	(669,'Mavic','Energie M7',540,0,26,'28'),
	(670,'Mavic','EX 325 Disc',537,0,26,'28'),
	(671,'Mavic','EX 721',534,0,26,'28'),
	(672,'Mavic','EX 729 Disc',537,0,26,'28'),
	(673,'Mavic','EX 823 Disc',534,0,26,'28'),
	(674,'Mavic','EX 823 Disc 05',530,0,26,'28'),
	(675,'Mavic','F 219 Disc',538,0,26,'28'),
	(676,'Mavic','F519',538,0,26,'28'),
	(677,'Mavic','M230',546,0,26,'28'),
	(678,'Mavic','M231',548,0,26,'28'),
	(679,'Mavic','M238',544,0,26,'28'),
	(680,'Mavic','M261',548,0,26,'28'),
	(681,'Mavic','M281',545,0,26,'28'),
	(682,'Mavic','MA40',550,0,26,'28'),
	(683,'Mavic','Oxygen M6',542,0,26,'28'),
	(684,'Mavic','Rando M4',550,0,26,'28'),
	(685,'Mavic','Rando M5',548,0,26,'28'),
	(686,'Mavic','T519',540,0,26,'28'),
	(687,'Mavic','X138 eyelets',543,0,26,'28'),
	(688,'Mavic','X138N no eyelets',543,0,26,'28'),
	(689,'Mavic','X139N no eyelets',548,0,26,'28'),
	(690,'Mavic','X221 eyelets',543,0,26,'28'),
	(691,'Mavic','X221N no eyelets',542,0,26,'28'),
	(692,'Mavic','X222',542,0,26,'28'),
	(693,'Mavic','X223 Disc',539,0,26,'28'),
	(694,'Mavic','X225',540,0,26,'28'),
	(695,'Mavic','X3.1',534,0,26,'28'),
	(696,'Mavic','X3.1 Disc',534,0,26,'28'),
	(697,'Mavic','X317 Disc',541,0,26,'28'),
	(698,'Mavic','X517',540,0,26,'28'),
	(699,'Mavic','X618',541,0,26,'28'),
	(700,'Mavic','XC 317 Disc',541,0,26,'28'),
	(701,'Mavic','XC717',541,0,26,'28'),
	(702,'Mavic','XC 717 Disc',541,0,26,'28'),
	(703,'Mavic','XM 117',542,0,26,'28'),
	(704,'Mavic','XM 117 Disc',548,0,26,'28'),
	(705,'Mavic','XM 317 Disc',538,0,26,'28'),
	(706,'Mavic','XM 321 Disc',538,0,26,'28'),
	(707,'Mavic','XM 517',540,0,26,'28'),
	(708,'Mavic','XM 719',538,0,26,'28'),
	(709,'Mavic','XM 819',534,0,26,'28'),
	(710,'Mavic','XM 819 Disc',534,0,26,'28'),
	(443,'Nashbar','UC13',613,0,700,'1'),
	(216,'Nisi','AN-85',617,0,700,'1'),
	(217,'Nisi','Countach',617,0,700,'1'),
	(218,'Nisi','G-27',618,0,700,'1'),
	(219,'Nisi','Sludi Mod 290',618,0,700,'1'),
	(220,'Nisi','Sludi Mod 320',618,0,700,'1'),
	(221,'Nisi','Solidal',617,0,700,'1'),
	(444,'Nisi','Mixer',612,0,700,'1'),
	(726,'now Cat','ASYM (44mm wide)',554,0,26,'1'),
	(727,'now Cat','SYM (44mm wide)',554,0,26,'1'),
	(90,'Odyssey','Hazard Lite',394,0,20,'44'),
	(94,'Odyssey','Seven Ka',395,0,20,'44'),
	(96,'Odyssey','Midway',392,0,20,'44'),
	(6,'Odyssey','Hazard Lite',395,0,20,'44'),
	(24,'Odyssey','Duralacta',390,0,20,'44'),
	(25,'Odyssey','Midway',545,0,20,'44'),
	(222,'Performance','A19T',603,0,700,'55'),
	(268,'Performance','TR22',618,0,27,'55'),
	(445,'Performance','C19',610,0,700,'55'),
	(446,'Performance','C19SL',612,0,700,'55'),
	(91,'Primo','Balance',390,36,20,'1'),
	(92,'Primo','Balance',390,48,20,'1'),
	(269,'Rigida','1320',617,0,27,'1'),
	(270,'Rigida','AS 23 X',621,0,27,'48'),
	(271,'Rigida','steel Superchromix 1.25',621,0,27,'48'),
	(447,'Rigida','1320',610,0,700,'48'),
	(448,'Rigida','ARIES',605,0,700,'48'),
	(449,'Rigida','AS 23 X',613,0,700,'48'),
	(450,'Rigida','AS 26 F',612,0,700,'48'),
	(451,'Rigida','CHP-6',602,0,700,'48'),
	(452,'Rigida','CHRINA',608,0,700,'48'),
	(453,'Rigida','DP 18',581,0,700,'48'),
	(454,'Rigida','DP 2000',584,0,700,'48'),
	(455,'Rigida','DP 25',595,0,700,'48'),
	(456,'Rigida','DPX',592,0,700,'48'),
	(457,'Rigida','EXCEL',608,0,700,'48'),
	(458,'Rigida','HLC2000',606,0,700,'48'),
	(459,'Rigida','LIBRA',610,0,700,'48'),
	(460,'Rigida','M 19',612,0,700,'48'),
	(461,'Rigida','M 21',612,0,700,'48'),
	(462,'Rigida','NOVA',600,0,700,'48'),
	(463,'Rigida','OLYMPUS',592,0,700,'48'),
	(464,'Rigida','ORION/MENSA',610,0,700,'48'),
	(465,'Rigida','PHOENIX',604,0,700,'48'),
	(466,'Rigida','Score',612,0,700,'48'),
	(467,'Rigida','SHC',603,0,700,'48'),
	(468,'Rigida','SHP',603,0,700,'48'),
	(469,'Rigida','SIRIUS',610,0,700,'48'),
	(470,'Rigida','TUB 25/ TUB 26',604,0,700,'48'),
	(471,'Rigida','VELA',603,0,700,'48'),
	(472,'Rigida','X PLORER',592,0,700,'48'),
	(473,'Rigida','ZAC 2000',599,0,700,'48'),
	(558,'Rigida','steel 26x1 3/8',582,0,26138,'48'),
	(474,'Rigida/Weinmann','ZAC 19',607,0,700,'48'),
	(475,'Rinard/Hollenbeck','carbon clincher proto #1',587,0,700,'1'),
	(476,'Ritchey','Aero Road Comp centered holes',602,0,700,'47'),
	(477,'Ritchey','Aero Road Comp OCR',602,0,700,'47'),
	(478,'Ritchey','Aero Road Pro centered holes',602,0,700,'47'),
	(479,'Ritchey','Aero Road Pro OCR',602,0,700,'47'),
	(480,'Ritchey','Aero Road WCS centered holes',602,0,700,'47'),
	(481,'Ritchey','Aero Road WCS OCR',602,0,700,'47'),
	(482,'Ritchey','Rock 450CE',610,0,700,'47'),
	(483,'Ritchey','Rock 490',610,0,700,'47'),
	(484,'Ritchey','Rock 490C',610,0,700,'47'),
	(485,'Ritchey','Rock 700 Pro',605,0,700,'47'),
	(486,'Ritchey','Trekking Comp',596,0,700,'47'),
	(487,'Ritchey','Trekking Comp OCR',594,0,700,'47'),
	(488,'Ritchey','Vantage Comp',611,0,700,'47'),
	(489,'Ritchey','Vantage Cross-Sport',612,0,700,'47'),
	(711,'Ritchey','Disc OCR',546,0,26,'47'),
	(712,'Ritchey','OCR Comp',545,0,26,'47'),
	(713,'Ritchey','OCR Pro',545,0,26,'47'),
	(714,'Ritchey','OCR WCS',545,0,26,'47'),
	(715,'Ritchey','Rock 395',546,0,26,'47'),
	(716,'Ritchey','Rock 415',546,0,26,'47'),
	(717,'Ritchey','Rock 440SC',546,0,26,'47'),
	(718,'Ritchey','Rock Comp',548,0,26,'47'),
	(719,'Ritchey','Rock Pro',548,0,26,'47'),
	(720,'Ritchey','Rock WCS',548,0,26,'47'),
	(721,'Ritchey','Vantage Comp',548,0,26,'47'),
	(722,'Ritchey','Vantage Cross-Sport',549,0,26,'47'),
	(723,'Ritchey','Vantage Expert',544,0,26,'47'),
	(724,'Ritchey','Vantage Pro',545,0,26,'47'),
	(725,'Ritchey','Vantage Sport',548,0,26,'47'),
	(125,'Rolf','Vector Carbon, Lew made. For Greer internal nipples + 2.5mm washers',530,0,650,'52'),
	(126,'Rolf','Vector Pro, made. For Greer internal nipples + 4mm washers',553,0,650,'52'),
	(127,'Rolf','Vector Pro, Trek made. For Greer internal nipples, no washers',553,0,650,'52'),
	(223,'Rolf','Vector Pro, made. For Greer internal nipples + 4mm washers',608,0,700,'52'),
	(224,'Rolf','Vector Pro, made. For Greer internal nipples + 4mm washers',608,0,700,'52'),
	(225,'Rolf','Vector Pro, Trek made. For Greer internal nipples, no washers',603,0,700,'52'),
	(226,'Rolf','Vector Pro, Trek made. For Greer internal nipples, no washers',603,0,700,'52'),
	(490,'Rolf','Sestriere',595,0,700,'52'),
	(491,'Rolf','Vector',595,0,700,'52'),
	(492,'Rolf','Vector Comp, Trek made',580,0,700,'52'),
	(493,'Rolf','Vector Pro, made. For Greer internal nipples + 4mm washers',604,0,700,'52'),
	(494,'Rolf','Vector Pro, made. For Greer internal nipples + 4mm washers',604,0,700,'52'),
	(495,'Rolf','Vector Pro, Trek made. For Greer internal nipples, no washers',598,0,700,'52'),
	(496,'Rolf','Vector Pro, Trek made. For Greer internal nipples, no washers',598,0,700,'52'),
	(578,'Rolf','Vector Pro, rim, including 9mm Greer nipple + 4mm washer',551,0,650,'52'),
	(27,'Salsa','Delgado',544,36,26,'1'),
	(95,'Salsa','Gardo',543,48,26,'1'),
	(497,'Salsa','Delgado cyclocross 22.5w x 18h',604,0,700,'1'),
	(498,'Specialized','C20',614,0,700,'32'),
	(499,'Specialized','C22',614,0,700,'32'),
	(500,'Specialized','HC19',614,0,700,'32'),
	(501,'Specialized','HC20',614,0,700,'32'),
	(728,'Specialized','GX23',547,0,26,'32'),
	(729,'Specialized','GX26',546,0,26,'32'),
	(730,'Specialized','Saturne HX22',555,0,26,'32'),
	(731,'Specialized','Saturne HX28',544,0,26,'32'),
	(732,'Specialized','Saturne HX32',548,0,26,'32'),
	(733,'Specialized','Saturne X22',555,0,26,'32'),
	(734,'Specialized','Saturne X28',544,0,26,'32'),
	(735,'Specialized','Saturne X32',548,0,26,'32'),
	(736,'Specialized','X26',547,0,26,'32'),
	(737,'Specialized','XL21',546,0,26,'32'),
	(738,'Specialized','XL23',546,0,26,'32'),
	(739,'Specialized','Z21',545,0,26,'32'),
	(272,'Specialized Saturae','C20',622,0,27,'32'),
	(273,'Specialized Saturae','C22',622,0,27,'32'),
	(274,'Specialized Saturae','HC19',622,0,27,'32'),
	(554,'SpeedMaster','21x11.3 700c (32h, 21mm wide)',606,0,700,'1'),
	(98,'Sun','M19A, M19AII (331 mm OD)',298,0,16,'42'),
	(13,'Sun','Single Track',548,32,26,'42'),
	(38,'Sun','Ditch Which',547,32,26,'42'),
	(29,'Sun','Double Wide',542,32,26,'42'),
	(39,'Sun','Rhyno Lite',552,0,26,'42'),
	(41,'Sun','Rhyno Lite',394,36,20,'42'),
	(42,'Sun','CR18',620,36,27,'42'),
	(43,'Sun','Double Track',474,32,24,'42'),
	(44,'Sun','Double Track',528,32,26,'42'),
	(45,'Sun','BFR',392,36,20,'42'),
	(46,'Sun','Double Wide',490,36,24,'42'),
	(47,'Sun','Mammoth',548,32,26,'42'),
	(99,'Sun','M19A, M19AII (382 mm OD)',352,0,18,'42'),
	(101,'Sun','M19A, M19AII (432 mm OD)',402,0,20,'42'),
	(108,'Sun','M17A',511,0,24,'42'),
	(109,'Sun','M17A',512,0,24,'42'),
	(110,'Sun','M19A',502,0,24,'42'),
	(111,'Sun','M19AII (532 mm OD)',503,0,24,'42'),
	(128,'Sun','Buzz Road (carbon, alu brake track)',507,0,650,'42'),
	(129,'Sun','Buzz Special Event (carbon, no brake track)',507,0,650,'42'),
	(130,'Sun','M17A (582 mm OD)',560,0,650,'42'),
	(131,'Sun','M19A, M19AII (582 mm OD)',552,0,650,'42'),
	(132,'Sun','M20B (582 mm OD)',560,0,650,'42'),
	(227,'Sun','Buzz Road (carbon, alu brake track)',556,0,700,'42'),
	(228,'Sun','Buzz Special Event (carbon, no brake track)',556,0,700,'42'),
	(229,'Sun','M17A (tubular)',613,0,700,'42'),
	(230,'Sun','M19A',604,0,700,'42'),
	(231,'Sun','M19AII (632 mm OD)',602,0,700,'42'),
	(232,'Sun','M20B',614,0,700,'42'),
	(275,'Sun','C16',619,0,27,'42'),
	(276,'Sun','CR16',615,0,27,'42'),
	(277,'Sun','CRE16',617,0,27,'42'),
	(278,'Sun','CRT16II',617,0,27,'42'),
	(279,'Sun','D253',619,0,27,'42'),
	(280,'Sun','L13',618,0,27,'42'),
	(281,'Sun','L17, L20',620,0,27,'42'),
	(282,'Sun','M13',618,0,27,'42'),
	(283,'Sun','M13II',619,0,27,'42'),
	(284,'Sun','M13L',618,0,27,'42'),
	(285,'Sun','M14A',611,0,27,'42'),
	(286,'Sun','M14A (old)',614,0,27,'42'),
	(287,'Sun','M17',620,0,27,'42'),
	(288,'Sun','M20',620,0,27,'42'),
	(289,'Sun','M20A',619,0,27,'42'),
	(290,'Sun','M25',619,0,27,'42'),
	(502,'Sun','0 degree XC',607,0,700,'42'),
	(503,'Sun','Ascent',603,0,700,'42'),
	(504,'Sun','AT18',612,0,700,'42'),
	(505,'Sun','Buzz Clincher (carbon, alu brake track)',528,0,700,'42'),
	(506,'Sun','CR16',610,0,700,'42'),
	(507,'Sun','CR17A',607,0,700,'42'),
	(508,'Sun','CR18, single eyelets',612,0,700,'42'),
	(509,'Sun','CR20',608,0,700,'42'),
	(510,'Sun','CRE16',609,0,700,'42'),
	(511,'Sun','CRT16II',609,0,700,'42'),
	(512,'Sun','L13',611,0,700,'42'),
	(513,'Sun','L17',612,0,700,'42'),
	(514,'Sun','L18',612,0,700,'42'),
	(515,'Sun','L20',612,0,700,'42'),
	(516,'Sun','L25',612,0,700,'42'),
	(517,'Sun','M13',610,0,700,'42'),
	(518,'Sun','M13II',610,0,700,'42'),
	(519,'Sun','M13L',612,0,700,'42'),
	(520,'Sun','M14A',603,0,700,'42'),
	(521,'Sun','M14A (old)',606,0,700,'42'),
	(522,'Sun','M17',612,0,700,'42'),
	(523,'Sun','M20',611,0,700,'42'),
	(524,'Sun','M20B',612,0,700,'42'),
	(525,'Sun','M25',612,0,700,'42'),
	(526,'Sun','M25',612,0,700,'42'),
	(527,'Sun','ME14A',601,0,700,'42'),
	(528,'Sun','Rhyno',603,0,700,'42'),
	(529,'Sun','Rhyno Lite (newer version)',612,0,700,'42'),
	(530,'Sun','SST20',603,0,700,'42'),
	(531,'Sun','Venus (medium deep aero)',592,0,700,'42'),
	(559,'Sun','CR20',576,0,26138,'42'),
	(560,'Sun','L20',578,0,26138,'42'),
	(561,'Sun','M14A',570,0,26138,'42'),
	(579,'Sun','Ascent',552,0,650,'42'),
	(580,'Sun','M13II',560,0,650,'42'),
	(581,'Sun','M13L',561,0,650,'42'),
	(582,'Sun','M14A',552,0,650,'42'),
	(583,'Sun','ME14A',549,0,650,'42'),
	(584,'Sun','Venus (medium deep aero)',540,0,650,'42'),
	(740,'Sun','AT18',549,0,26,'42'),
	(741,'Sun','Buzz MTB',471,0,26,'42'),
	(742,'Sun','C16',547,0,26,'42'),
	(743,'Sun','C20',547,0,26,'42'),
	(744,'Sun','C20 tandem',549,0,26,'42'),
	(745,'Sun','CR16',547,0,26,'42'),
	(746,'Sun','CR17A',545,0,26,'42'),
	(747,'Sun','CR18, single eyelets',544,0,26,'42'),
	(748,'Sun','CR20',545,0,26,'42'),
	(749,'Sun','CRE16',548,0,26,'42'),
	(750,'Sun','CRT16',547,0,26,'42'),
	(751,'Sun','CRT16II',548,0,26,'42'),
	(752,'Sun','CRT17A',545,0,26,'42'),
	(753,'Sun','DoubleWide',541,0,26,'42'),
	(754,'Sun','DS1-XC',548,0,26,'42'),
	(755,'Sun','L18',547,0,26,'42'),
	(756,'Sun','L20 Style I',549,0,26,'42'),
	(757,'Sun','L25',550,0,26,'42'),
	(758,'Sun','M13L',549,0,26,'42'),
	(759,'Sun','M14A',539,0,26,'42'),
	(760,'Sun','M25',550,0,26,'42'),
	(761,'Sun','Mammoth BFR (Big Fat Rim)',548,0,26,'42'),
	(762,'Sun','ME14A',534,0,26,'42'),
	(763,'Sun','Phat Albert',547,0,26,'42'),
	(764,'Sun','Rhyno',541,0,26,'42'),
	(765,'Sun','Rhyno Lite (Damon measured Nov. 06 2002)',553,0,26,'42'),
	(766,'Sun','Rhyno Lite (newer version and XL-1.75 version)',541,0,26,'42'),
	(767,'Sun','Rhyno Lite (XL version)',544,0,26,'42'),
	(768,'Sun','Rhyno Lite MEASURE TO BE SURE!',548,0,26,'42'),
	(769,'Sun','SST20',541,0,26,'42'),
	(770,'Sun','Sub IV',544,0,26,'42'),
	(804,'Sun','C20',528,0,24138,'42'),
	(805,'Sun','CR16',527,0,24138,'42'),
	(806,'Sun','CR18, single eyelets',532,0,24138,'42'),
	(807,'Sun','CR20',529,0,24138,'42'),
	(808,'Sun','L17',530,0,24138,'42'),
	(809,'Sun','L20',529,0,24138,'42'),
	(810,'Sun','M13II',530,0,24138,'42'),
	(811,'Sun','M13L',528,0,24138,'42'),
	(812,'Sun','M14A',522,0,24138,'42'),
	(814,'Sun','L25, M25',507,0,24118,'42'),
	(815,'Sun','M13II',509,0,24118,'42'),
	(816,'Sun','M13L',510,0,24118,'42'),
	(817,'Sun','M14A',502,0,24118,'42'),
	(818,'Sun','M25',507,0,24118,'42'),
	(819,'Sun','ME14A',496,0,24118,'42'),
	(826,'Sun','CR16',494,0,24,'42'),
	(827,'Sun','CR18, single eyelets',493,0,24,'42'),
	(828,'Sun','CR20',493,0,24,'42'),
	(829,'Sun','CRE16, CRT16II',493,0,24,'42'),
	(830,'Sun','DS1-XC',492,0,24,'42'),
	(831,'Sun','ICI-1',507,0,24,'42'),
	(832,'Sun','L18',493,0,24,'42'),
	(833,'Sun','L20',497,0,24,'42'),
	(834,'Sun','L25, M25',497,0,24,'42'),
	(835,'Sun','M14A',491,0,24,'42'),
	(836,'Sun','M25',497,0,24,'42'),
	(837,'Sun','Mammoth BFR (Big Fat Rim)',492,0,24,'42'),
	(838,'Sun','Rhyno Lite',493,0,24,'42'),
	(839,'Sun','Rhyno Lite (newer version)',486,0,24,'42'),
	(845,'Sun','CR16',439,0,20118,'42'),
	(846,'Sun','CR18, single eyelets',438,0,20118,'42'),
	(847,'Sun','CR20',435,0,20118,'42'),
	(848,'Sun','ICI-1',438,0,20118,'42'),
	(849,'Sun','L17',441,0,20118,'42'),
	(850,'Sun','L20',441,0,20118,'42'),
	(851,'Sun','M13II',440,0,20118,'42'),
	(852,'Sun','M13L',441,0,20118,'42'),
	(853,'Sun','M14A',432,0,20118,'42'),
	(854,'Sun','M17',440,0,20118,'42'),
	(855,'Sun','ME14A',426,0,20118,'42'),
	(864,'Sun','AT18',395,0,20,'42'),
	(865,'Sun','Big City',389,0,20,'42'),
	(866,'Sun','CR16',393,0,20,'42'),
	(867,'Sun','CR18, single eyelets',395,0,20,'42'),
	(868,'Sun','CR20',392,0,20,'42'),
	(869,'Sun','CRE16, CRT16II',390,0,20,'42'),
	(870,'Sun','L17',395,0,20,'42'),
	(871,'Sun','L18',390,0,20,'42'),
	(872,'Sun','L20',395,0,20,'42'),
	(873,'Sun','L25, M25',395,0,20,'42'),
	(874,'Sun','M20',395,0,20,'42'),
	(875,'Sun','M25',395,0,20,'42'),
	(876,'Sun','Mammoth BFR (Big Fat Rim)',394,0,20,'42'),
	(877,'Sun','Rhyno',392,0,20,'42'),
	(878,'Sun','Rhyno Lite',393,0,20,'42'),
	(879,'Sun','Rhyno Lite',395,0,20,'42'),
	(880,'Sun','SST20',392,0,20,'42'),
	(889,'Sun','M17 Moulton',364,0,17114,'42'),
	(771,'Synchros','Lil\' Snapper',542,0,26,'1'),
	(772,'Tioga','XC',547,0,26,'1'),
	(133,'Velocity','Escape 19mm x 19mm',554,0,650,'50'),
	(134,'Velocity','Pro/Elite',531,0,650,'50'),
	(233,'Velocity','Escape 19mm x 19mm',602,0,700,'50'),
	(234,'Velocity','Pro/Elite',582,0,700,'50'),
	(291,'Velocity','Twin Hollow',619,0,27,'50'),
	(532,'Velocity','Aero (20mm wide x 21mm deep)',596,0,700,'50'),
	(533,'Velocity','Aerohead (20mm wide x 19mm deep, 2001)',602,0,700,'50'),
	(534,'Velocity','Aerohead (20mm wide x 21mm deep, 2000 and earlier)',598,0,700,'50'),
	(535,'Velocity','Aerohead OC (Off Center)',598,0,700,'50'),
	(536,'Velocity','Deep V (19mm wide x 30mm deep)',582,0,700,'50'),
	(537,'Velocity','Dyad (24mm wide x 22mm deep)',596,0,700,'50'),
	(538,'Velocity','Fusion (19mm wide x 25mm deep) Measured 596.4. MEASURE TO BE SURE!',591,0,700,'50'),
	(539,'Velocity','Glider (26mm wide x 14mm deep)',612,0,700,'50'),
	(540,'Velocity','Razor (20mm wide x 16mm deep)',607,0,700,'50'),
	(541,'Velocity','Twin Hollow (22mm wide x 14mm deep)',611,0,700,'50'),
	(585,'Velocity','Aerohead (20mm wide x 19mm deep, 2001)',554,0,650,'50'),
	(586,'Velocity','Aerohead (20mm wide x 21mm deep)',545,0,650,'50'),
	(587,'Velocity','Deep V (19mm wide x 30mm deep)',531,0,650,'50'),
	(588,'Velocity','Razor (like Open Pro)',556,0,650,'50'),
	(773,'Velocity','Aero Heat AT (24mm wide x 22mm deep)',536,0,26,'50'),
	(774,'Velocity','Cliff Hanger (28mm wide x 25mm deep)',531,0,26,'50'),
	(775,'Velocity','Deep V (24mm wide x 32mm deep)',517,0,26,'50'),
	(776,'Velocity','K525 (21mm wide x 21mm deep)',538,0,26,'50'),
	(777,'Velocity','Mt. GoAT (25mm wide x 18mm deep)',542,0,26,'50'),
	(778,'Velocity','Synergy (23mm wide x 20mm deep, symmetrical and asymmetrical)',540,0,26,'50'),
	(779,'Velocity','Triple V (26mm wide x 17mm deep)',547,0,26,'50'),
	(840,'Velocity','Aero Heat AT',483,0,24,'50'),
	(841,'Velocity','Deep V (24mm wide x 32mm deep)',464,0,24,'50'),
	(842,'Velocity','TAIPAN',480,0,24,'50'),
	(843,'Velocity','Triple V',495,0,24,'50'),
	(856,'Velocity','Aerohead (20mm wide x 21mm deep)',429,0,20118,'50'),
	(881,'Velocity','Aero Heat AT',384,0,20,'50'),
	(882,'Velocity','Deep V (24mm wide x 32mm deep)',364,0,20,'50'),
	(883,'Velocity','TAIPAN',380,0,20,'50'),
	(884,'Velocity','Triple V',395,0,20,'50'),
	(894,'Vielocity','Aeroheat',383,0,20,'1'),
	(542,'Vuelta','Veulta Airline 3',585,0,700,'1'),
	(543,'Vuelta','Airline 2 622x13',595,0,700,'1'),
	(544,'Vuelta','Stylus 622x13',599,0,700,'1'),
	(545,'Vuelta','Vision',607,0,700,'1'),
	(780,'Vuelta','Airline 1',529,0,26,'1'),
	(781,'Vuelta','Excalibur DiscDH 559x27',540,0,26,'1'),
	(782,'Vuelta','Excalibur DiscFR 559x21',543,0,26,'1'),
	(783,'Vuelta','Excalibur DiscXC 559x21',543,0,26,'1'),
	(784,'Vuelta','Strong, no eyelets',547,0,26,'1'),
	(785,'Vuelta','Vision 559x18',543,0,26,'1'),
	(885,'Vuelta','Airline 1',376,0,20,'1'),
	(292,'Weinmann','2115',621,0,27,'1'),
	(293,'Weinmann','A129',624,0,27,'1'),
	(562,'Weinmann','2120 26x1 3/8',579,0,26,'1'),
	(786,'Weinmann','Mod 2719',545,0,26,'1'),
	(886,'Weinmann','A129',400,0,20,'1'),
	(887,'Weinmann','Zac19',387,0,20,'1'),
	(546,'Wheelsmith','Rimfire',609,0,700,'1'),
	(787,'Wheelsmith','Cowpie',551,0,26,'1'),
	(788,'Wheelsmith','Speedcow',546,0,26,'1'),
	(135,'Wolber','Profil 18',558,0,650,'53'),
	(136,'Wolber','Profil 20',550,0,650,'53'),
	(235,'Wolber','Aspin',614,0,700,'53'),
	(236,'Wolber','Profil 18',611,0,700,'53'),
	(237,'Wolber','Profil 20',600,0,700,'53'),
	(238,'Wolber','Profil A',608,0,700,'53'),
	(294,'Wolber','M58, GTA , GTX',620,0,27,'53'),
	(547,'Wolber','TX Profil aero',602,0,700,'53'),
	(789,'Wolber','AT15',551,0,26,'53'),
	(790,'Wolber','AT18',550,0,26,'53'),
	(791,'Wolber','AT20',547,0,26,'53'),
	(792,'Wolber','Canyon',548,0,26,'53'),
	(813,'Wolber','GTA',530,0,24138,'53'),
	(239,'Wolber/Super Champion','Champion Arc-en-ciel',616,0,700,'53'),
	(240,'Wolber/Super Champion','Champion Aspin',616,0,700,'53'),
	(241,'Wolber/Super Champion','Champion Aubisque',616,0,700,'53'),
	(242,'Wolber/Super Champion','Champion Competition',616,0,700,'53'),
	(243,'Wolber/Super Champion','Champion Medaile d\'Or',616,0,700,'53'),
	(295,'Wolber/Super Champion','Champion Gentleman 81',620,0,27,'53'),
	(296,'Wolber/Super Champion','Champion Gentleman GTA2',622,0,27,'53'),
	(297,'Wolber/Super Champion','Champion Gentleman GTX',622,0,27,'53'),
	(298,'Wolber/Super Champion','Champion Module 58',622,0,27,'53'),
	(299,'Wolber/Super Champion','Champion Module 59',622,0,27,'53'),
	(300,'Wolber/Super Champion','Champion T430 Alpine',622,0,27,'53'),
	(548,'Wolber/Super Champion','Champion Gentleman 81',613,0,700,'53'),
	(549,'Wolber/Super Champion','Champion Gentleman GTA2',614,0,700,'53'),
	(550,'Wolber/Super Champion','Champion Gentleman GTX',614,0,700,'53'),
	(551,'Wolber/Super Champion','Champion Module 58',615,0,700,'53'),
	(552,'Wolber/Super Champion','Champion Module 59',615,0,700,'53'),
	(553,'Wolber/Super Champion','Champion T430 Alpine',614,0,700,'53'),
	(28,'WTB','LaserDisc XC',559,0,26,'23'),
	(793,'WTB','Dual Duty 30x11.8 (32h, 30mm wide)',536,0,26,'23'),
	(794,'WTB','LaserBeam 22x11.8 (32h, 22mm wide)',541,0,26,'23'),
	(795,'WTB','LaserBeam 25x11.3 (32h, 25mm wide)',538,0,26,'23'),
	(796,'WTB','LaserDisc DH 36x0 (32h, 36mm wide)',540,0,26,'23'),
	(797,'WTB','LaserDisc XC 24x0 (32h, 24mm wide)',542,0,26,'23'),
	(798,'WTB','PowerBeam',548,0,26,'23'),
	(799,'WTB','PowerBeam (old)',545,0,26,'23'),
	(800,'WTB','SpeedDisc XC 24x0 (32h, 24mm wide)',541,0,26,'23'),
	(801,'WTB','SpeedMaster 23x11.3 (32h, 23mm wide)',541,0,26,'23'),
	(802,'WTB','SpeedMaster 25mm',552,0,26,'23'),
	(803,'WTB','SpeedMaster II',549,0,26,'23'),
	(89,'Zipp','Carbon VcLc',530,32,700,'54'),
	(137,'Zipp','310 38mm deep carbon tubular',520,0,650,'54'),
	(138,'Zipp','400 58mm deep carbon tubular',482,0,650,'54'),
	(244,'Zipp','140 12mm deep box section aluminum tubular',614,0,700,'54'),
	(245,'Zipp','340 38mm deep carbon tubular',566,0,700,'54'),
	(246,'Zipp','440 58mm deep carbon tubular',530,0,700,'54'),
	(555,'Zipp','110 17mm deep box section aluminum clincher',605,0,700,'54'),
	(556,'Zipp','310 30mm deep aluminum clincher',584,0,700,'54'),
	(557,'Zipp','530 58mm deep carbon clincher, alu rim',528,0,700,'54'),
	(589,'Zipp','500 58mm deep carbon clincher, alu rim',482,0,650,'54');

/*!40000 ALTER TABLE `riminfo` ENABLE KEYS */;
UNLOCK TABLES;



/*!40111 SET SQL_NOTES=@OLD_SQL_NOTES */;
/*!40101 SET SQL_MODE=@OLD_SQL_MODE */;
/*!40014 SET FOREIGN_KEY_CHECKS=@OLD_FOREIGN_KEY_CHECKS */;
/*!40101 SET CHARACTER_SET_CLIENT=@OLD_CHARACTER_SET_CLIENT */;
/*!40101 SET CHARACTER_SET_RESULTS=@OLD_CHARACTER_SET_RESULTS */;
/*!40101 SET COLLATION_CONNECTION=@OLD_COLLATION_CONNECTION */;
